Manufacturer,MOLD,DISC TYPE,SPEED,GLIDE,TURN,FADE,STABILITY,DIAMETER (cm),HEIGHT (cm),RIM DEPTH (cm),RIM WIDTH (cm),INSIDE RIM DIAMETER (cm),RIM DEPTH / DIAMETER RATION (%),RIM CONFIGURATION,BEAD
Westside Discs,Ahti,Control Driver,9,3,0,4,4,21.2,1.7,1.1,2,17.2,5.2,28.75,No
MINT Discs,Alpha,Control Driver,8,4,0,2,2,21.1,2.1,1.2,2,17.1,5.7,30.5,No
Innova,Archangel,Control Driver,8,6,-4,1,-3,21.1,1.9,1.4,1.8,17.3,7.1,31.25,No
Streamline Discs,Ascend,Control Driver,6,5,-3,0.5,-2.5,21.2,1.8,1.2,1.7,17.8,5.7,38,No
Gateway Discs,Assassin,Control Driver,9,6,-1,1,0,21,1.9,1.1,1.9,17.1,5.2,34.5,No
Discraft,Athena,Control Driver,7,5,0,2,2,21.3,1.5,1.1,1.8,16.6,5.2,30,No
Legacy Discs,Bandit,Control Driver,9,5,-2,1,-1,21.3,1.5,1.1,2,17.3,5.2,30.75,No
Innova,Banshee,Control Driver,7,3,0,3,3,21.2,1.5,1.2,1.8,17.6,5.7,29.25,No
DGA,Banzai,Control Driver,8,4,0,3,3,21.4,1.7,1.2,1.9,17.5,5.6,30,No
Viking Discs,Barbarian,Control Driver,7,5,0,2,2,21.3,1.8,1.2,1.9,17.6,5.6,35.75,No
Westside Discs,Bear,Control Driver,8,6,-0.5,2.5,2,21.2,1.8,1.2,1.9,17.4,5.7,30.25,No
Gateway Discs,Blade,Control Driver,9,5,0,3,3,21.3,1.5,1.1,2,17.3,5.2,34,No
Lone Star Disc,Brazos,Control Driver,7,5,0,2,2,21.2,1.7,1.1,1.8,17.7,5.2,29.25,No
Dynamic Discs,Breakout,Control Driver,8,5,-1,1.5,0.5,21,1.6,1.1,1.9,17.2,5.2,32.75,No
Discmania,CD1,Control Driver,9,5,-1,2,1,21.2,1.7,1.1,1.9,17.3,5.2,31.25,No
Discmania,CD2,Control Driver,9,5,-1,2,1,21.1,1.9,1.1,1.9,17.2,5.2,30,No
Infinite Discs,Centurion,Control Driver,7,5,-1,1.5,0.5,21.1,1.8,1.2,1.7,17.8,5.7,37,No
Innova,Cheetah,Control Driver,6,4,-2,2,0,21.2,1.9,1.2,1.6,18,5.7,28.25,No
Lone Star Disc,Chupacabra,Control Driver,9,3,0,4,4,21.2,1.6,1.2,2,17.2,5.7,30.5,No
Glash Discs,Cinnamon,Control Driver,9,5,-1,2,1,21.1,1.6,1.2,2,17.1,5.7,30.5,No
launch disc golf,Cipher,Control Driver,8,4,-1,2,1,21.6,1.8,1.2,1.8,17.9,5.6,32.75,No
Thought Space Athletics,Coalesce,Control Driver,9,5,0,3,3,21.2,1.9,1.2,1.9,17.4,5.7,32.5,No
Dynamic Discs,Convict,Control Driver,9,4,-0.5,3,2.5,21.2,1.4,1.1,2,17.2,5.2,34.75,No
Glash Discs,Cookie,Control Driver,7,5,0,2,2,21.4,1.7,1.2,1.8,17.8,5.6,35.5,No
Viking Discs,Cosmos,Control Driver,7,5,0,1,1,21,1.6,1.1,1.8,17.4,5.2,28.5,No
Discmania,Crave,Control Driver,6.5,5,-1,1,0,21.1,1.4,1.2,1.8,17.4,5.7,27.75,No
Latitute 64,Culverin,Control Driver,9,5,-0.5,3,2.5,21.2,2,1.1,2,17,5.2,31.25,No
Latitute 64,Diamond,Control Driver,8,6,-3,1,-2,21.1,1.4,1.1,1.8,17.4,5.2,30,No
MINT Discs,Diamondback,Control Driver,9,5,-2,2,0,21.3,1.6,1.1,2.1,17.1,5.2,31.25,No
Lone Star Disc,Dos X,Control Driver,8,4,-1,2,1,21.3,1.9,1.2,2,17.3,5.6,32.25,No
Millenium Discs,Draco,Control Driver,9,3,0,4,4,21.2,1.4,1.2,1.9,17.3,5.7,35.5,No
Innova,Dragon,Control Driver,8,5,-2,2,0,21,1.9,1.2,1.8,17.4,5.7,32,No
Streamline Discs,Drift,Control Driver,7,5,-2,1,-1,21.2,1.8,1.2,1.8,17.7,5.7,33,No
Infinite Discs,Dynasty,Control Driver,9,5,-1,2,1,21.1,1.4,1.1,1.9,17.3,5.2,31.25,No
Innova,Eagle,Control Driver,7,4,-1,3,2,21.2,1.6,1.2,1.7,17.8,5.7,29.5,No
Legacy Discs,Enemy,Control Driver,9,3,0,4,4,21.1,1.9,1.2,1.9,17.2,5.7,32.5,No
Dynamic Discs,Escape,Control Driver,9,5,-1,2,1,21.1,2,1.1,2,17.1,5.2,27.75,No
Discmania,Essence,Control Driver,8,6,-2,1,-1,21,1.8,1.2,1.8,17.4,5.7,33.25,No
Dynamic Discs,Evader,Control Driver,7,4,0,2.5,2.5,21.2,1.9,1.1,1.8,17.5,5.2,26.75,No
Infinite Discs,Exodus,Control Driver,7,5,-0.5,2,1.5,21.1,1.8,1.1,1.8,17.5,5.2,36.25,No
Millenium Discs,EXP1,Control Driver,7,3,0,4,4,21.1,1.6,1.2,1.8,17.5,5.7,28.25,No
Latitute 64,Explorer,Control Driver,7,5,0,2,2,21.2,1.7,1.1,1.8,17.7,5.2,32.75,No
Millenium Discs,EXP-X,Control Driver,7,3,1,4,5,21.1,1.6,1.2,1.8,17.5,5.7,28.25,No
Prodigy Disc,F Model OS,Control Driver,10,5,2,4,6,21.3,1.6,1.1,2.1,17.1,5.2,39,No
Prodigy Disc,F Model S,Control Driver,10,5,1,3,4,21.3,1.4,1.1,2,17.2,5.2,30.25,No
Prodigy Disc,F Model US,Control Driver,10,5,-2,1,-1,21.3,1.5,1.1,2.1,17.2,5.2,32,No
Prodigy Disc,F1,Control Driver,7,4,0,3,3,21.3,1.5,1.1,1.8,17.7,5.2,27.25,No
Prodigy Disc,F2,Control Driver,7,5,-1,3,2,21.3,1.5,1.1,1.8,17.7,5.2,32.75,No
Prodigy Disc,F3,Control Driver,7,5,-1,2,1,21.3,1.5,1.1,1.8,17.7,5.2,31.5,No
Prodigy Disc,F5,Control Driver,7,5,-2,1,-1,21.3,1.9,1.2,1.8,17.7,5.6,35.75,No
Prodigy Disc,F7,Control Driver,7,5,-3,1,-2,21.3,1.5,1.1,1.8,17.8,5.2,37,No
Innova,Fairway Disc Dark Rebel,Control Driver,7,6,-1,1,0,21.2,1.6,1.2,1.8,17.5,5.7,35.75,No
Latitute 64,Falchion,Control Driver,8,5,-1,2,1,21.1,1.6,1.1,1.9,17.3,5.2,34.5,No
Kastaplast,Falk,Control Driver,9,6,-2,1,-1,21.1,1.8,1.1,1.9,17.2,5.2,30.25,No
Discmania,FD,Control Driver,7,6,0,1,1,21.2,1.4,1.1,1.7,17.7,5.2,39,No
Discmania,FD1,Control Driver,7,4,0,2,2,21.2,1.7,1.1,1.8,17.6,5.2,36.25,No
Discmania,FD2,Control Driver,7,4,0,2,2,21.2,1.6,1.1,1.8,17.5,5.2,33.75,No
Discmania,FD3,Control Driver,9,4,0,3,3,21.3,1.7,1.1,2,17.3,5.2,33.25,No
Dynamic Discs,Felon,Control Driver,9,3,0.5,4,4.5,21.2,1.8,1.1,2,17.2,5.2,31.5,No
Legacy Discs,Fighter,Control Driver,10,3,0,4,4,21.2,1.7,1.2,2,17.1,5.7,27.75,No
Innova,Firebird,Control Driver,9,3,0,4,4,21.1,1.4,1.2,1.9,17.3,5.7,26.75,No
Discraft,FL,Control Driver,9,3,0,2,2,21.1,1.7,1.2,1.9,17.3,5.7,29.25,No
Prodiscus,Flipperi,Control Driver,9,3,-3,0,-3,21.2,1.7,1.2,2,17.2,5.7,26,No
Lone Star Disc,Frio,Control Driver,7,5,-1,1,0,21.1,1.6,1.1,1.8,17.6,5.2,32.5,No
launch disc golf,Frontier,Control Driver,7,5,-3,1,-2,21.2,2,1.2,1.9,17.4,5.7,26,No
Yikun Discs,FU,Control Driver,7,5,0,2,2,21.3,1.8,1.2,1.9,17.5,5.6,28.5,No
Latitute 64,Fury,Control Driver,9,6,-2,2,0,21.2,1.8,1.1,1.9,17.4,5.2,36.75,No
Prodigy Disc,FX-2,Control Driver,9,4,-1,3,2,21.1,1.6,1.2,2,17.1,5.7,29.25,No
Prodigy Disc,FX-3,Control Driver,9,4,-1.5,2,0.5,21.2,1.8,1.2,1.9,17.3,5.7,29.25,No
Prodigy Disc,FX-4,Control Driver,9,5,-2,1,-1,21.2,1.8,1.2,2,17.3,5.7,32.25,No
Innova,Gazelle,Control Driver,6,4,0,2,2,21.2,1.8,1.2,1.6,18,5.7,28.25,No
Discmania,Genius,Control Driver,7,5,-4,1,-3,21.1,1.7,1.2,1.7,17.7,5.7,29.5,No
Dynamic Discs,Getaway,Control Driver,9,5,-0.5,3,2.5,21.1,1.8,1.1,2,17.1,5.2,28.75,No
Glash Discs,Ginger,Control Driver,9,4,0,2,2,21.4,1.7,1.3,1.9,17.6,6.1,26.5,No
Latitute 64,Glory,Control Driver,7,5,0,3,3,21.2,1.8,1.1,1.8,17.6,5.2,33,No
Yikun Discs,Gou,Control Driver,8,5,-3.5,1,-2.5,21.3,1.8,1.2,1.9,17.4,5.6,33.75,No
MINT Discs,Grackle,Control Driver,7,5,-1,2,1,21.3,1.6,1.2,1.9,17.5,5.6,33.75,No
Lone Star Disc,Guadalupe,Control Driver,7,6,-2,2,0,21.4,1.6,1.1,1.9,17.7,5.1,32.5,No
Prodigy Disc,H1,Control Driver,10,3,0,3.5,3.5,21.3,1.8,1.2,1.9,17.4,5.6,31.75,No
Prodigy Disc,H1V2,Control Driver,11,4,0,3,3,21.4,1.6,1.2,2,17.4,5.6,28,No
Prodigy Disc,H2,Control Driver,9,5,0,2,2,21.3,1.7,1.2,1.9,17.5,5.6,30.75,No
Prodigy Disc,H2V2,Control Driver,11,5,0,2.5,2.5,21.4,1.6,1.2,2,17.4,5.6,28,No
Prodigy Disc,H3,Control Driver,9,4,0,2,2,21.3,1.7,1.2,2,17.3,5.6,34.5,No
Prodigy Disc,H3V2,Control Driver,11,5,-1,2,1,21.3,1.8,1.2,2,17.3,5.6,30.75,Yes
Prodigy Disc,H4,Control Driver,9,5,-2,1.5,-0.5,21.3,1.8,1.2,1.9,17.4,5.6,41.75,No
Prodigy Disc,H4V2,Control Driver,10,5,-2,1.5,-0.5,21.3,1.5,1.2,2,17.4,5.6,29,No
Prodigy Disc,H5,Control Driver,9,5,-3,1,-2,21.3,1.7,1.2,2,17.4,5.6,37.5,No
Prodigy Disc,H7,Control Driver,9,5,-4,1,-3,21.1,2,1.1,1.9,17.2,5.2,31.25,No
Westside Discs,Hatchet,Control Driver,9,6,-2,1,-1,21.3,2,1.2,1.9,17.6,5.6,27,No
Innova,Hawkeye,Control Driver,7,5,-1,1,0,21.1,1.7,1.2,1.8,17.5,5.7,35.75,No
Discraft,Heat,Control Driver,9,6,-3,1,-2,21.1,2.1,1.2,1.9,17.2,5.7,29.5,No
XOOM,Helios,Control Driver,6,5,-3,1,-2,21,1.6,1.1,1.6,17.7,5.2,34,No
DGA,Hellfire,Control Driver,10,3,0,5,5,21.1,1.6,1.2,2.2,16.7,5.7,29.25,No
Latitute 64,Honor,Control Driver,9,5,0,2.5,2.5,21.2,1.8,1.1,1.9,17.4,5.2,31.75,No
Yikun Discs,Hu,Control Driver,9,5,-2,2,0,21.2,1.8,1.1,1.9,17.4,5.2,31.75,No
rpm Discs,Huia,Control Driver,7,5,0,2,2,21.2,1.9,1.2,1.8,17.5,5.7,33.75,No
Wild Discs,Hyena,Control Driver,9,5,-2,2,0,21.3,1.7,1.1,1.9,17.5,5.2,30.5,No
Axiom Discs,Insanity,Control Driver,9,5,-2,1.5,-0.5,21.1,1.4,1.1,2,17,5.2,27,No
Discmania,Instinct,Control Driver,7,5,0,2,2,21.2,1.9,1.1,1.8,17.6,5.2,32.25,No
Innova,IT,Control Driver,7,6,-2,1,-1,21.2,1.6,1.2,1.8,17.5,5.7,38.75,No
MINT Discs,Jackalope,Control Driver,8,5,-2,1,-1,21.2,1.5,1.1,1.9,17.3,5.2,32.75,No
Latitute 64,Jade,Control Driver,9,6,-2,1,-1,21,1.8,1.1,1.9,17.3,5.2,30,No
Yikun Discs,Jiao,Control Driver,6,5,-2,1.5,-0.5,21.2,1.6,1.1,1.6,18,5.2,32,No
Millenium Discs,JLS,Control Driver,7,5,-1,1,0,21,1.5,1.1,1.6,17.8,5.2,30.75,No
Lone Star Disc,Lariat,Control Driver,9,5,-1,1,0,21.1,1.7,1.1,2,17.1,5.2,30.5,No
Prodiscus,Laseri,Control Driver,10,4,-1,1,0,21.1,1.6,1.1,1.9,17.2,5.2,32.25,No
Innova,Leopard,Control Driver,6,5,-2,1,-1,21.2,1.6,1.1,1.6,18,5.2,29.25,No
Innova,Leopard3,Control Driver,7,5,-2,1,-1,21.2,1.7,1.1,1.7,17.8,5.2,29.25,No
Westside Discs,Longbowman,Control Driver,9,4,0,3,3,21.3,1.6,1.1,1.8,17.7,5.2,36,No
Kastaplast,Lots,Control Driver,9,5,-1,2,1,21.1,1.5,1.1,1.9,17.3,5.2,29.5,No
Glash Discs,Lotus,Control Driver,8,5,-1,2,1,21.4,1.6,1.3,1.9,17.6,6.1,32.5,No
Lone Star Disc,Mad Cat,Control Driver,9,5,0,2,2,21.2,1.8,1.2,1.9,17.4,5.7,30,No
Discmania,Magician,Control Driver,6,4,0,2,2,21.2,1.8,1.3,1.6,17.9,6.1,39.75,No
Daredevil Discgolf,Mammoth,Control Driver,9,4,-1,5,4,21.1,1.7,1.2,2,17.1,5.7,29.25,No
Discraft,Mantis,Control Driver,8,4,-2,2,0,21.2,1.9,1.1,1.9,17.4,5.2,28,No
Thought Space Athletics,Mantra,Control Driver,9,6,-2,1,-1,21.2,1.7,1.2,2,17.1,5.7,32,No
Latitute 64,Maul,Control Driver,7,7,-2,1,-1,21.4,2,1.1,1.8,17.7,5.1,33,No
Dynamic Discs,Maverick,Control Driver,7,4,-1.5,2,0.5,21.2,1.8,1.1,1.7,17.8,5.2,35,No
Discmania,Mermaid,Control Driver,7,4,-1,2,1,21.3,1.8,1.2,1.9,17.5,5.6,41.75,No
Lone Star Disc,Mockingbird,Control Driver,7,5,-2,1,-1,21,2,1.2,1.8,17.5,5.7,28.75,No
Legacy Discs,Mongoose,Control Driver,9,5,-3,1,-2,21.3,1.5,1.1,2,17.3,5.2,30.5,No
Prodigy Disc,MX1,Control Driver,9,4,-2,3,1,21.3,1.7,1.1,2.1,17.1,5.2,33.25,No
Daredevil Discgolf,Ogopogo,Control Driver,9,4,-2,5,3,21.1,1.5,1.2,2,17.1,5.7,36.75,No
Thought Space Athletics,Omen,Control Driver,9,4,0,4,4,21.2,1.7,1.2,2,17.2,5.7,28.25,No
Millenium Discs,Orion LF,Control Driver,9,5,-1,2,1,21.1,1.5,1.2,1.9,17.4,5.7,27.25,No
Millenium Discs,Orion LS,Control Driver,9,4,-1,1,0,21.1,1.4,1.2,1.9,17.3,5.7,32.25,No
Discraft,Passion,Control Driver,8,5,-1,1,0,21.6,1.6,1.2,1.7,18.3,5.6,32,No
Legacy Discs,Patriot,Control Driver,7,5,-2,1,-1,21.2,1.8,1.1,1.8,17.6,5.2,28.25,No
rpm Discs,Pekapeka,Control Driver,9,5,-3,1,-2,21.2,1.5,1.1,2,17.2,5.2,28.75,No
Legacy Discs,Phenom,Control Driver,8,5,-1,2,1,21.2,1.7,1.2,1.8,17.7,5.7,33.25,No
MINT Discs,Phoenix,Control Driver,9,3,0,4,4,21.2,1.7,1.2,2,17.2,5.7,26.75,No
Latitute 64,Pioneer,Control Driver,9,3,0,4,4,21.2,1.5,1.2,1.9,17.3,5.7,27,No
DGA,Pipeline,Control Driver,8,5,0,2,2,21.4,1.5,1.1,1.8,17.8,5.1,31,No
Millenium Discs,Polaris LS,Control Driver,6,4,-1,1,0,21.1,1.9,1.1,1.6,17.9,5.2,35,No
Discraft,Predator,Control Driver,9,4,1,4,5,21.2,1.9,1.1,1.9,17.4,5.2,28.5,No
Millenium Discs,Quantum Vela,Control Driver,7,4,-1.5,2,0.5,21.2,1.8,1.2,1.8,17.6,5.7,43.75,No
Discraft,Raptor,Control Driver,9,4,0,3,3,21.3,1.9,1.1,1.9,17.4,5.2,27.25,No
Discraft,Reaper,Control Driver,8,3,0,4,4,21.4,1.5,1.2,1.8,17.8,5.6,29.5,No
MVP,Relay,Control Driver,6,5,-2,1,-1,21.1,1.5,1.2,1.7,17.7,5.7,35.75,No
MVP,Resistor,Control Driver,6.5,4,0,3.5,3.5,21.1,1.5,1.2,1.7,17.5,5.7,31.75,No
Prodiscus,Respecti,Control Driver,8,4,0,2,2,21,1.8,1.3,1.9,17.2,6.2,33.25,No
Axiom Discs,Rhythm,Control Driver,7,5.5,-2,1,-1,21.2,1.5,1.2,1.8,17.6,5.7,30.25,No
Legacy Discs,Rival,Control Driver,7,5,0,2,2,21.3,2,1.2,1.8,17.8,5.6,29.25,No
Latitute 64,River,Control Driver,7,7,-1,1,0,21.5,1.9,1.2,1.8,17.8,5.6,30.5,No
Latitute 64,River Pro,Control Driver,6,5,0,2,2,21.4,1.8,1.3,1.8,17.8,6.1,34,No
Innova,Roadrunner,Control Driver,9,5,-4,1,-3,21.1,1.4,1.2,1.8,17.5,5.7,29,No
Prodiscus,Rocket,Control Driver,9,4,0,3,3,21.2,1.7,1.3,1.9,17.3,6.1,30,No
Discmania,Rockstar,Control Driver,8,5,-2,1,-1,21.3,1.7,1.2,1.9,17.6,5.6,35.5,No
Daredevil Discgolf,Sabertooth,Control Driver,9,4,0,5,5,21,1.8,1.2,2,17,5.7,29,No
Gateway Discs,Sabre,Control Driver,7,5,-1,1,-1,21.2,1.8,1.2,1.7,17.8,5.7,27,No
Latitute 64,Saint,Control Driver,9,7,-1,2,1,21.2,1.9,1.2,1.9,17.4,5.7,29.25,No
Latitute 64,Saint Pro,Control Driver,8,5,-0.5,2,1.5,21.2,2,1.2,1.8,17.5,5.7,33,No
Innova,Savant,Control Driver,9,5,-1,2,1,21.1,1.6,1.1,1.9,17.2,5.2,36.5,No
Infinite Discs,Scepter,Control Driver,9,4,0,4,4,21.2,1.4,1.1,1.9,17.3,5.2,28.25,No
Westside Discs,Seer,Control Driver,7,5,-2,1,-1,21.2,1.8,1.1,1.8,17.7,5.2,42.5,No
MVP,Servo,Control Driver,6.5,5,-1,2,1,21.1,1.4,1.2,1.8,17.5,5.7,32,No
Prodigy Disc,Shadowfax,Control Driver,9,5,-2,1.5,-0.5,21.1,1.8,1.1,2,17.2,5.2,33,No
Innova,Sidewinder,Control Driver,9,5,-3,1,-2,21.1,1.4,1.2,1.8,17.5,5.7,28,No
MVP,Signal,Control Driver,6,5,-3,1,-2,21.1,1.5,1.2,1.2,17.7,5.7,35.5,No
Millenium Discs,Sirius Helio Vela,Control Driver,7,4,-0.5,3,2.5,21.2,1.8,1.2,1.8,17.6,5.7,43.75,No
Glash Discs,Soda,Control Driver,7,5,-2,2,0,21.4,2,1.2,1.8,17.8,5.6,31.5,No
Latitute 64,Spark,Control Driver,7,4,-0.5,3,2.5,21.2,1.5,1.1,1.9,17.4,5.2,34,No
Gateway Discs,Spear,Control Driver,9,6,-2,1,-1,21.2,1.4,1.1,2,17.3,5.2,31.25,No
Infinite Discs,Sphinx,Control Driver,9,6,-3,1,-2,21.1,1.6,1.1,1.9,17.3,5.2,30.75,No
Discmania,Splice,Control Driver,9,3,0,4,4,21.2,1.5,1.1,1.9,17.3,5.2,32.5,No
Westside Discs,Stag,Control Driver,8,6,-1,2,1,21.2,1.8,1.2,1.9,17.4,5.7,29.25,No
Kastaplast,Stal,Control Driver,9,4,0,3,3,21.1,1.8,1.1,1.9,17.3,5.2,30.5,No
Discraft,Stalker,Control Driver,7,5,-1,2,1,21.6,1.6,1.2,1.6,18.4,5.6,32.5,No
Discraft,Sting,Control Driver,7,5,-2,1,-1,21.4,1.8,1.2,1.6,18.2,5.6,36.25,No
birdie Disc Golf Supply Co.,Strike,Control Driver,7,5,0,1,1,21.3,1.8,1.2,1.8,17.7,5.6,30.5,No
Latitute 64,Striker,Control Driver,8,5,0,2,2,21.4,1.6,1.2,1.9,17.6,5.6,29,No
Dynamic Discs,Supreme Escape,Control Driver,9,5,-1,2,1,21.1,1.7,1.1,2,17.2,5.2,32.5,No
Daredevil Discgolf,Swift Fox,Control Driver,9,5,-3,1,-2,21.1,1.7,1.2,1.8,17.6,5.7,27,No
AGL,Sycamore,Control Driver,7,5,0,1,1,21.2,2.2,1.3,1.7,17.8,6.1,32.25,No
Wild Discs,Tasmanian Devil,Control Driver,9,4,0,2.5,2.5,21.2,1.8,1.1,2,17.3,5.2,28.75,No
Wild Discs,Tasmanian Devil V2,Control Driver,9,4,0,4,4,21.2,1.8,1.1,2,17.2,5.2,30.75,No
Innova,TeeBird,Control Driver,7,5,0,2,2,21.2,1.5,1.1,1.7,17.8,5.2,29.25,No
Innova,TeeBird +,Control Driver,7,5,0,2,2,21.2,1.5,1.1,1.7,17.8,5.2,29.25,No
Innova,TeeBird3,Control Driver,8,4,0,2,2,21.2,1.7,1.1,1.8,17.5,5.2,29.25,No
MVP,Terra,Control Driver,8,5,0,3,3,21.2,1.8,1.2,1.9,17.4,5.7,32.75,No
Lone Star Disc,The Dome,Control Driver,8,6,-3,1,-2,21.1,1.8,1.1,1.9,17.2,5.2,36,No
Dynamic Discs,Thief,Control Driver,8,5,-1.5,2,0.5,21.2,1.8,1.1,1.9,17.3,5.2,34.25,No
Hooligan Discs,Thread,Control Driver,9,5,-1,1,0,21.1,1.5,1.1,2,17.1,5.2,31.5,No
Innova,Thunderbird,Control Driver,9,5,0,2,2,21.2,1.6,1.1,1.9,17.3,5.2,31,No
Discmania,Tilt,Control Driver,9,1,1,6,7,21.1,1.6,1.2,2,17.1,5.7,29.25,No
Daredevil Discgolf,Timberwolf,Control Driver,9,6,-1,0,-1,21.1,1.6,1.2,1.8,17.5,5.7,27,No
Innova,TL,Control Driver,7,5,-1,1,0,21.1,1.6,1.2,1.8,17.5,5.7,33,No
Innova,TL3,Control Driver,8,4,-1,1,0,21.2,1.7,1.1,1.8,17.6,5.2,33,No
Axiom Discs,Trance,Control Driver,8,5,-2,1,-1,21,1.8,1.2,1.9,17.1,5.7,41.25,No
Latitute 64,Trident,Control Driver,6,4,-0.5,3,2.5,21.4,1.4,1.1,1.9,17.6,5.1,36.75,No
Discraft,Undertaker,Control Driver,9,5,-1,2,1,21.1,1.8,1.1,1.9,17.5,5.2,30.75,No
Westside Discs,Underworld,Control Driver,7,6,-3,1,-2,21.3,1.8,1.2,1.9,17.4,5.6,30.25,No
Innova,Valkyrie,Control Driver,9,4,-2,2,0,21.1,1.4,1.2,1.9,17.3,5.7,26,No
Dynamic Discs,Vandal,Control Driver,9,5,-1.5,2,0.5,21.2,1.7,1.1,1.9,17.4,5.2,36.25,No
Yikun Discs,View,Control Driver,7,6,-3.5,1,-2.5,21.1,2,1.2,1.7,17.6,5.7,32.75,No
Innova,Viking,Control Driver,9,4,-1,2,1,21.2,1.4,1.1,1.9,17.4,5.2,30.75,No
Latitute 64,Vision,Control Driver,8,6,-1,2,1,21.1,1.9,1.1,1.8,17.4,5.2,33,No
MVP,Volt,Control Driver,8,5,-0.5,2,1.5,21.1,1.6,1.1,2,17.1,5.2,28.25,No
DGA,Vortex,Control Driver,7,6,-3,1,-2,21.4,1.6,1.1,1.7,17.9,5.1,33.25,No
Thought Space Athletics,Votum,Control Driver,7,5,0,3,3,21.2,1.7,1.2,1.8,17.5,5.7,36.25,No
Discraft,Vulture,Control Driver,10,5,0,2,2,21.4,1.6,1.2,1.8,17.8,5.6,33.5,No
Innova,Whippet,Control Driver,6,3,1,5,6,21.2,1.9,1.3,1.7,17.8,6.1,26,No
Dynamic Discs,Witness,Control Driver,8,6,-3,1,-2,21.1,1.8,1.1,1.9,17.3,5.2,32.25,No
Daredevil Discgolf,Wolverine,Control Driver,9,5,-2,2,0,21.2,1.8,1.2,1.8,17.5,5.7,27.5,No
Axiom Discs,Wrath,Control Driver,9,4.5,-0.5,2,1.5,21.1,1.4,1.1,2,17,5.2,30.25,No
Discraft,XL,Control Driver,7,4,-2,1,-1,21.1,2.1,1.2,1.7,17.7,5.7,32.25,No
Discraft,Xpress,Control Driver,8,5,-3,1,-2,21.1,1.8,1.2,1.7,17.6,5.7,28,No
Discraft,XS,Control Driver,8,5,0,3,3,21.1,1.8,1.2,1.8,17.6,5.7,27.5,No
Latitute 64,XXX,Control Driver,7,3,0,4,4,21.5,1.5,1.1,2,17.5,5.1,32.5,No
Yikun Discs,Zhu,Control Driver,7,5,0,2,2,21.3,1.8,1.2,1.9,17.5,5.6,38,No
Discraft,Zombee,Control Driver,6,4,-1,1,0,21.6,2.1,1.2,1.6,18.4,5.6,34.75,No
Westside Discs,Adder,Distance Driver,13,5,0,4,4,21.2,1.9,1.1,2.2,16.8,5.2,28.75,No
Legacy Discs,Aftermath,Distance Driver,13,5,-2,3,1,21.2,1.7,1.1,2.5,16.3,5.2,29,No
Daredevil Discgolf,Albatross,Distance Driver,14,6,-2,3,1,21,1.6,1.1,2.3,16.4,5.2,26.5,No
Thought Space Athletics,Animus,Distance Driver,10.5,4.5,-0.5,2.5,2,21.2,1.6,1.2,2.1,17,5.7,30,No
Innova,Ape,Distance Driver,13,5,0,4,4,21.1,1.5,1.2,2.4,16.2,5.7,27.75,No
Gateway Discs,Apex,Distance Driver,11.5,6,-1,2,1,21.5,1.9,1.1,2.3,17.1,5.1,30.25,No
Millenium Discs,Aquarius,Distance Driver,8,5,-3,2,-1,21,1.9,1.2,2,17,5.7,30,No
Innova,Archon,Distance Driver,11,5,-2,2,0,21.1,1.7,1.2,2.3,16.6,5.7,28.25,No
Millenium Discs,Aries,Distance Driver,11,6,-4,2,-2,21.1,1.6,1.1,2.1,16.9,5.2,28,No
Millenium Discs,Astra,Distance Driver,11,5,-1,2,1,21.1,1.5,1.2,2.2,16.7,5.7,28.25,No
Millenium Discs,Astra-X,Distance Driver,11,5,0,4,4,21.1,1.5,1.2,2.2,16.7,5.7,28.25,No
Discmania,Astronaut,Distance Driver,12,6,-4,1,-3,21.2,1.8,1.1,2.3,16.6,5.2,26,No
Discraft,Avenger SS,Distance Driver,10,5,-3,1,-2,21.4,1.8,1.2,1.9,17.6,5.6,29.25,No
Infinite Discs,Aztec,Distance Driver,10,5,-1,2,1,21.2,1.5,1.1,2.1,16.9,5.2,33,No
Latitute 64,Ballista,Distance Driver,14,5,-1,3,2,21.1,1.7,1.1,2.4,16.3,5.2,26,No
Latitute 64,Ballista Pro,Distance Driver,14,4,0,3,3,21.2,1.7,1.1,2.4,16.3,5.2,26.75,No
Lone Star Disc,Bayonet,Distance Driver,13,5,-2,2,0,21,1.8,1.1,2.3,16.4,5.2,26,No
Innova,Beast,Distance Driver,10,5,-2,2,0,21.2,1.4,1.1,2,17.1,5.2,26.76,No
Viking Discs,Berserker,Distance Driver,10,5,-3,2,-1,21.2,1.7,1.2,2.1,17,5.7,28.75,No
Daredevil Discgolf,Big Foot,Distance Driver,13,6,-2,2,0,21.1,1.6,1.1,2.5,16.1,5.2,26,No
Westside Discs,Boatman,Distance Driver,11,5,0,2,2,21.4,1.9,1.3,2.2,17,6.1,29.5,No
Latitute 64,Bolt,Distance Driver,13,6,-2,3,1,21.1,1.7,1.1,2.4,16.4,5.2,27.75,No
Innova,Boss,Distance Driver,13,5,-1,3,2,21.2,1.5,1.2,2.5,16.2,5.7,26,No
Lone Star Disc,Bowie,Distance Driver,13,5,0,4,4,21.1,1.7,1.1,2.4,16.3,5.2,26.25,No
Daredevil Discgolf,Buffalo,Distance Driver,9,4,-1,5,4,21,1.6,1.2,2,17,5.7,34,No
Legacy Discs,Cannon,Distance Driver,14,5,-3,3,0,21.1,1.8,1.2,2.5,16.1,5.7,26,No
Dynamic Discs,Captain,Distance Driver,13,5,-2,2,0,21.1,1.6,1.1,2.3,16.6,5.2,30,No
Discraft,Captain Raptor,Distance Driver,9,3,1,4,5,21.2,1.6,1.2,1.9,17.4,5.7,30.25,No
MVP,Catalyst,Distance Driver,13,5.5,-2,2,0,21.1,1.9,1.2,2.4,16.3,5.7,30,No
Westside Discs,Catapult,Distance Driver,14,4,-0.5,3,2.5,21.1,1.6,1.1,2.3,16.6,5.2,27,No
Discmania,CD,Distance Driver,10,5,-1,2,1,21.2,1.3,1.1,1.9,17.3,5.2,28.5,No
Discmania,CD3,Distance Driver,11,5,-1,2,1,21.1,2,1.2,2.1,16.9,5.7,31,No
AGL,Cedar,Distance Driver,11,5,0,3,3,21.5,1.7,1.1,2.2,17.1,5.1,27.25,No
Innova,Charger,Distance Driver,12,6,-1,2,1,21.1,1.6,1.2,2.3,16.4,5.7,28.5,No
Discmania,Cloudbreaker,Distance Driver,12,5,-1,3,2,21.1,1.8,1.2,2.3,16.5,5.7,27.25,No
Innova,Colossus,Distance Driver,14,5,-1,3,2,21.1,1.7,1.1,2.5,16.1,5.2,29.75,No
Innova,Corvette,Distance Driver,14,6,-1,2,1,21.1,1.8,1.2,2.3,16.3,5.7,26.75,No
Discraft,Crank,Distance Driver,13,5,-2,2,0,21.1,1.6,1.1,2.4,16.3,5.2,30,No
Discraft,Crank SS,Distance Driver,13,5,-3,2,-1,21.1,1.5,1.1,2.4,16.3,5.2,27.25,No
Dynamic Discs,Criminal,Distance Driver,10,3,1,4,5,21.2,1.5,1.2,2.1,16.9,5.7,29,No
Lone Star Disc,Curl,Distance Driver,11,6,-1,3,2,21.2,1.8,1.1,2.2,16.8,5.2,26.75,No
Latitute 64,Cutlass,Distance Driver,13,5,0,3.5,3.5,21.1,1.7,1.2,2.2,16.6,5.7,28.75,No
Infinite Discs,Czar,Distance Driver,11,5,-1,3,2,21.1,1.7,1.2,2.2,16.7,5.7,33.25,No
Prodigy Disc,D Model OS,Distance Driver,13,5,0,4,4,21,1.5,1.1,2.2,16.7,5.2,26,No
Prodigy Disc,D Model S,Distance Driver,13,6,0,2,2,21.1,1.5,1.1,2.2,16.7,5.2,30,No
Prodigy Disc,D Model US,Distance Driver,13,6,-3,1,-2,21,1.6,1.1,2.2,16.7,5.2,28.25,No
Prodigy Disc,D1,Distance Driver,12,5,0,3,3,21,1.9,1.2,2.3,16.3,5.7,26.75,No
Prodigy Disc,D1 Max,Distance Driver,12,5,0,3,3,21,1.6,1.2,2.3,16.3,5.7,26.75,No
Prodigy Disc,D2,Distance Driver,12,6,-1,3,2,21,1.9,1.2,2.3,16.3,5.7,30.5,No
Prodigy Disc,D2 Max,Distance Driver,12,6,-1,3,2,21.1,1.9,1.2,2.4,16.3,5.7,30.5,No
Prodigy Disc,D2 Pro,Distance Driver,12,5,-1,3,2,21,1.5,1.1,2.4,16.3,5.2,30,No
Prodigy Disc,D3,Distance Driver,12,6,-2,2,0,21,1.7,1.2,2.3,16.3,5.7,30.25,No
Prodigy Disc,D4,Distance Driver,12,6,-3,2,-1,21,1.9,1.2,2.3,16.3,5.7,30,No
Prodigy Disc,D4 Max,Distance Driver,12,6,-4,1,-3,21,1.9,1.2,2.4,16.3,5.7,30.25,No
Prodigy Disc,D5,Distance Driver,12,6,-4,2,-2,21.1,1.6,1.2,2.4,16.3,5.7,29.75,No
Yikun Discs,DaE,Distance Driver,13,5,0,3,3,21,1.7,1.1,2.4,16.2,5.2,27.5,No
Innova,Daedalus,Distance Driver,13,6,-3,2,-1,21.1,1.5,1.2,2.3,16.4,5.7,26.25,No
Discmania,DD,Distance Driver,11,5,0,2,2,21.1,1.6,1.2,2.2,16.7,5.7,30.25,No
Discmania,DD1,Distance Driver,11,5,-1,2,1,21.2,1.5,1.1,2.2,16.8,5.2,30.75,No
Discmania,DD2,Distance Driver,13,5,-2,2,0,21,1.8,1.1,2.3,16.4,5.2,31.75,No
Discmania,DD3,Distance Driver,12,5,-1,3,2,21.1,1.9,1.1,2.3,16.5,5.2,29.5,No
Discmania,DDx,Distance Driver,12,6,-1,2,1,21.1,1.7,1.1,2.3,16.5,5.2,28.75,No
Dynamic Discs,Defender,Distance Driver,13,5,0,3,3,21,1.6,1.1,2.3,16.4,5.2,30.75,No
Axiom Discs,Defy,Distance Driver,11,5,-1,3,2,21.1,1.5,1.1,2.2,16.7,5.2,26,No
Axiom Discs,Delirium,Distance Driver,14.5,5,-0.5,3,2.5,21.1,1.8,1.2,2.5,16,5.7,27,No
Westside Discs,Destiny,Distance Driver,14,6,-2,3,1,21.2,1.6,1.1,2.3,16.6,5.2,28.5,No
Innova,Destroyer,Distance Driver,12,5,-1,3,2,21.1,1.4,1.2,2.2,16.7,5.7,30.5,No
Gateway Discs,Diablo,Distance Driver,9,5,0,2,2,21.2,1.7,1.2,2,17.1,5.7,32.5,No
MVP,Dimension,Distance Driver,14.5,5,0,3,3,21,1.8,1.2,2.5,16,5.7,27.75,No
Innova,Dominator,Distance Driver,13,5,-1,2,1,21.1,1.4,1.1,2.4,16.2,5.2,27.75,No
launch disc golf,Elder,Distance Driver,12,6,-2,2,0,21.1,1.8,1.2,2.3,16.5,5.7,27.75,No
Infinite Discs,Emperor,Distance Driver,12,5,-1,2.5,1.5,21.1,1.7,1.2,2.3,16.4,5.7,28,No
MVP,Energy,Distance Driver,13,4,0,4,4,21.1,2.1,1.2,2.4,16.3,5.7,26,No
Dynamic Discs,Enforcer,Distance Driver,12,4,0.5,4,4.5,21.1,1.8,1.1,2.2,16.7,5.2,27,No
Discmania,Enigma,Distance Driver,12,5,-1,2,1,21.1,1.6,1.1,2.2,16.6,5.2,27.75,No
Axiom Discs,Excite,Distance Driver,14.5,5.5,-2,2,0,21.1,2.1,1.2,2.5,15.9,5.7,27,No
Millenium Discs,Falcon,Distance Driver,13,5,-2,2,0,21.1,1.4,1.1,2.4,16.3,5.2,30.25,No
Prodigy Disc,Falcor,Distance Driver,13,6,-1,2.5,1.5,21.1,1.7,1.2,2.3,16.5,5.7,28.75,No
Viking Discs,Fenrir,Distance Driver,10,4,0,3,3,21.3,1.8,1.1,2,17.3,5.2,29.75,No
Axiom Discs,Fireball,Distance Driver,9,3.5,0,3.5,3.5,21.1,1.4,1.1,2,17.1,5.2,29.5,No
Innova,Firestorm,Distance Driver,14,4,-1,3,2,21.1,1.5,1.1,2.3,16.5,5.2,27.5,No
Streamline Discs,Flare,Distance Driver,9,4,0,3.5,3.5,21.2,1.8,1.2,2,17.2,5.7,29.5,No
Discraft,Flash,Distance Driver,10,5,-2,3,1,21.1,1.6,1.2,2.1,17,5.7,27.5,No
Discraft,Flick,Distance Driver,12,3,1,5,6,21.1,1.3,1.1,2.1,16.9,5.2,26,No
Latitute 64,Flow,Distance Driver,11,6,-0.5,2,1.5,21.1,1.8,1.2,2.2,16.8,5.7,27.75,No
Discraft,Force,Distance Driver,12,5,0,3,3,21.1,1.7,1.2,2.3,16.5,5.7,26,No
Westside Discs,Fortress,Distance Driver,10,4,0,3,3,21.2,1.5,1.1,2,17.2,5.2,28,No
MINT Discs,Freetail,Distance Driver,10,5,-4,1,-3,21.1,1.7,1.2,2,17.1,5.7,37.75,No
Westside Discs,Giant,Distance Driver,13,4,0,3.5,3.5,21.1,1.7,1.2,2.3,16.6,5.7,29.25,No
Latitute 64,Gladiator,Distance Driver,13,5,0,3.5,3.5,21.1,1.7,1.1,2.3,16.5,5.2,28.5,No
MINT Discs,Goat,Distance Driver,12,4,-1,3,2,21.2,1.7,1.2,2.3,16.6,5.7,27,No
Latitute 64,Grace,Distance Driver,11,6,-1,2,1,21.1,1.6,1.1,2.2,16.6,5.2,30.5,No
Daredevil Discgolf,Gray Jay,Distance Driver,14,4,0,5,5,21,1.4,1.1,2.3,16.3,5.2,28.5,No
Kastaplast,Grym,Distance Driver,13,5,-2,2,0,21.1,1.8,1.1,2.2,16.7,5.2,26.25,No
Kastaplast,Grym X,Distance Driver,12,5,-1,3,2,21.2,1.6,1.1,2.2,16.9,5.2,26,No
Kastaplast,Guld,Distance Driver,13,5,-0.5,3,2.5,21.1,1.8,1.2,2.3,16.5,5.7,28.75,No
Discraft,Hades,Distance Driver,12,6,-3,2,-1,21,1.6,1.1,2.3,16.5,5.2,30,No
Latitute 64,Halo,Distance Driver,13,5,-0.5,3,2.5,21.2,1.4,1.1,2.4,16.3,5.2,26.25,No
Lone Star Disc,Harrier,Distance Driver,12,6,-3,2,-1,21.1,1.7,1.2,2.3,16.5,5.7,27.5,No
Latitute 64,Havoc,Distance Driver,13,5,-1,3,2,21.1,1.7,1.1,2.3,16.6,5.2,28,No
DGA,Hurricane,Distance Driver,12,5,-1,3,2,21.1,1.6,1.2,2.3,16.5,5.7,27,No
DGA,Hypercane,Distance Driver,13,4,0,4,4,21.2,1.6,1.2,2.2,16.7,5.7,26.5,No
Gateway Discs,Illusion,Distance Driver,12,5,-1,3,2,21.4,1.5,1.1,2.1,17.2,5.1,32.75,No
MVP,Impulse,Distance Driver,9,5,-3,1,-2,21,1.4,1.2,2,17,5.7,28.75,No
MVP,Inertia,Distance Driver,9,5,-2,2,0,21.1,1.4,1.2,2,17.1,5.7,27.25,No
Innova,Invictus,Distance Driver,10,4,0,3,3,21.2,1.5,1.2,2.1,16.9,5.7,29,No
Streamline Discs,Jet,Distance Driver,11,5,-3,2,-1,21.2,1.5,1.1,2.2,16.8,5.2,26.25,No
Gateway Discs,Journey,Distance Driver,11.5,6,-2,1,-1,21.2,1.9,1.1,2.2,16.9,5.2,28.25,No
Innova,Juggernaut,Distance Driver,12,4,1,4,5,21.1,1.7,1.2,2.3,16.4,5.7,26.5,No
Yikun Discs,Jun,Distance Driver,11,5,-1,2,1,21.1,2,1.2,2.1,16.8,5.7,29.75,No
rpm Discs,Kahu,Distance Driver,13,5,-1,2,1,21,1.5,1.1,2.4,16.2,5.2,31.5,No
rpm Discs,Kahu OS,Distance Driver,13,5,0,3,3,21,1.5,1.1,2.4,16.2,5.2,31.5,No
rpm Discs,Kahu XG,Distance Driver,13,5,-1.5,3,1.5,21,1.5,1.1,2.4,16.2,5.2,31.5,No
Innova,Katana,Distance Driver,13,5,-3,3,0,21.2,1.8,1.2,2.5,16.3,5.7,26.25,No
Westside Discs,King,Distance Driver,14,5,-1.5,3,1.5,21.1,1.9,1.1,2.3,16.5,5.2,29.25,No
rpm Discs,Kiwi,Distance Driver,10,4,0,3,3,21.1,1.9,1.2,2.2,16.7,5.7,26,No
Latitute 64,Knight,Distance Driver,14,4,-1.5,3,1.5,21.1,1.6,1.1,2.5,16.2,5.2,28.25,No
rpm Discs,Kotare,Distance Driver,12,5,0,3,3,21.2,1.5,1.2,2.3,16.5,5.7,28.5,No
Innova,Krait,Distance Driver,11,5,-1,2,1,21.2,2.3,1.2,2.3,16.6,5.7,30.25,No
Kastaplast,Krut,Distance Driver,12,4,0,4,4,21.2,1.7,1.1,2.2,16.8,5.2,30.25,No
Prodiscus,Legenda,Distance Driver,13,4,-1,4,3,21,1.5,1.1,2.4,16.3,5.2,26.75,No
Streamline Discs,Lift,Distance Driver,9,5,-2,1.5,-0.5,21.2,1.7,1.2,2,17.2,5.7,28,No
AGL,Locust,Distance Driver,9,4,-1,3,2,21.2,1.6,1.1,2,17.2,5.2,29.75,No
Yikun Discs,Long,Distance Driver,10,5,-1,2,1,21.3,1.6,1.2,2.1,17.1,5.6,35.25,No
MINT Discs,Longhorn,Distance Driver,11,4,-1,3,2,21.3,1.5,1.2,2.1,17,5.6,31,No
Yikun Discs,Luan,Distance Driver,14,5,-1,3,2,21.2,1.4,1.1,2.4,16.4,5.2,31.25,No
Discraft,Machete,Distance Driver,11,4,0,4,4,21.1,1.6,1.1,2.1,16.8,5.2,30.5,No
Discmania,Majesty,Distance Driver,13,5,-2,2,0,21,1.7,1.2,2.4,16.2,5.7,27.25,No
Innova,Mamba,Distance Driver,11,6,-5,1,-4,21.1,1.7,1.1,2.1,16.9,5.2,27.5,No
Innova,Max,Distance Driver,11,3,0,5,5,21.2,1.9,1.2,2.2,16.8,5.7,34,No
Infinite Discs,Maya,Distance Driver,12,5,-3,1,-2,21.1,1.6,1.1,2.1,16.9,5.2,31,No
Axiom Discs,Mayhem,Distance Driver,13,5,-1.5,2,0.5,21.2,1.9,1.2,2.4,16.3,5.7,27.5,No
Discmania,Mentor,Distance Driver,11,5,-2,2,0,21.2,1.8,1.2,2.1,17.9,5.7,39.75,No
Daredevil Discgolf,Merlin,Distance Driver,14,5,-1,4,3,21,1.7,1.1,2.3,16.4,5.2,26,No
Innova,Monarch,Distance Driver,10,5,-4,1,-3,21.1,1.6,1.2,2.1,17,5.7,30.75,No
MVP,Motion,Distance Driver,9,3.5,0,4,4,21,1.4,1.2,2,17,5.7,30.25,No
Latitute 64,Musket,Distance Driver,10,5,-0.5,2,1.5,21.2,1.8,1.1,2,17.1,5.2,28.5,No
Innova,Mystere,Distance Driver,11,6,-2,2,0,21.1,1.6,1.1,2.1,16.9,5.2,31.5,No
Legacy Discs,Nemesis,Distance Driver,10,6,-4,2,-2,21.3,1.5,1.1,2,17.3,5.2,29,No
Disctroyer,Nightjar,Distance Driver,10,5,-0.5,2.5,2,21.3,1.7,1.3,2.1,17.1,6.1,26.25,No
Gateway Discs,Ninja,Distance Driver,10,6,-1,2,1,21.2,1.9,1.2,2,17.2,5.7,31.75,No
MVP,Nitro,Distance Driver,13,4,-0.5,3,2.5,21.2,1.9,1.2,2.4,16.3,5.7,26.75,No
Westside Discs,Northman,Distance Driver,10,5,-1,2,1,21.5,1.7,1.1,2,17.5,5.1,28.25,No
Discraft,Nuke,Distance Driver,13,5,-1,3,2,21.2,1.6,1.2,2.5,16.1,5.7,28.25,No
Discraft,Nuke OS,Distance Driver,13,4,0,4,4,21.2,1.6,1.2,2.5,16.2,5.7,30.75,No
Discraft,Nuke SS,Distance Driver,13,5,-3,3,0,21.2,1.5,1.1,2.5,16.2,5.2,28.75,No
MVP,Octane,Distance Driver,13,5,-1,2,1,21.1,1.7,1.2,2.4,16.3,5.7,27.25,No
Viking Discs,Odin,Distance Driver,12,5,-1,3,2,21.3,1.4,1.1,2.3,16.6,5.2,26,No
MVP,Orbital,Distance Driver,11,5,-4.5,1,-3.5,21.1,1.4,1.1,2.2,16.7,5.2,28.5,No
Innova,Orc,Distance Driver,10,4,-1,3,2,21.2,1.9,1.2,2,17.2,5.7,27,No
Wild Discs,Orca,Distance Driver,12,5,-1.5,2,0.5,21.2,1.4,1.1,2.3,16.6,5.2,28.5,Yes
Legacy Discs,Outlaw,Distance Driver,12,5,-1,3,2,21,1.6,1.1,2.3,16.4,5.2,29,No
Axiom Discs,Panic,Distance Driver,13,4,-0.5,3,2.5,21.1,1.7,1.2,2.4,16.3,5.7,26.25,No
Discmania,Paradigm,Distance Driver,12,6,-1.5,2,0.5,21.1,1.7,1.1,2.1,16.8,5.2,34,No
Discmania,PD,Distance Driver,10,4,0,3,3,21.2,1.5,1.2,1.9,17.3,5.7,32,No
Discmania,PD2,Distance Driver,12,4,0,4,4,21.1,1.9,1.2,2.4,16.4,5.7,27.25,No
Discmania,PD3,Distance Driver,11,3,0,5,5,21,1.7,1.2,2.2,16.6,5.7,37,No
Discmania,PDx,Distance Driver,11,4,0,3,3,21.1,1.9,1.2,2.1,16.9,5.7,30.5,No
Glash Discs,Pepper,Distance Driver,11,5,0,4,4,21.4,1.8,1.2,2.2,17.1,5.6,26.25,No
Infinite Discs,Pharaoh,Distance Driver,13,6,-1,2,1,21.1,1.4,1.1,2.3,16.4,5.2,28.5,No
MVP,Phase,Distance Driver,11,3.5,0,4,4,21.1,1.4,1.1,2.2,16.7,5.2,29.5,No
MVP,Photon,Distance Driver,11,5,-1,2.5,1.5,21.1,1.4,1.1,2.2,16.6,5.2,26.75,No
Millenium Discs,Polaris LF,Distance Driver,9,5,-2,2.5,0.5,21.1,1.9,1.1,1.6,17.9,5.2,28.5,No
Innova,Power Disc Phantom Sword,Distance Driver,10,4,0,3,3,21.2,1.5,1.2,1.9,17.3,5.7,26.5,No
Yikun Discs,QI,Distance Driver,13,6,-2,2,0,21.2,1.6,1.1,2.3,16.5,5.2,28.5,No
Millenium Discs,Quasar,Distance Driver,13,5,0,3,3,21.2,1.6,1.2,2.5,16.2,5.7,27.25,No
Westside Discs,Queen,Distance Driver,14,5,-3,2,-1,21.2,1.5,1.1,2.3,16.6,5.2,29.5,No
Viking Discs,Ragnarok,Distance Driver,11,5,-1,2,1,21.2,2.1,1.1,2.1,16.9,5.2,27.75,No
Dynamic Discs,Raider,Distance Driver,13,5,-0.5,3,2.5,21.2,1.5,1.1,2.3,16.3,5.2,29.25,No
Legacy Discs,Rampage,Distance Driver,14,5,-1,4,3,21.1,1.8,1.2,2.5,16.1,5.7,26,No
Kastaplast,Rask,Distance Driver,14,3,0,4,4,21.2,1.6,1.1,2.2,16.8,5.2,26.5,No
Prodiscus,Razeri,Distance Driver,12,4,0,4,4,21.1,1.5,1.1,2.3,16.4,5.2,27.25,No
Latitute 64,Recoil,Distance Driver,12,4,0,3,3,21.2,1.8,1.2,2.2,16.8,5.7,26,No
Legacy Discs,Recon,Distance Driver,13,5,-1,3,2,21.2,1.7,1.1,2.4,16.4,5.2,28.75,No
AGL,Redwood,Distance Driver,12,5,-1,2,1,21.1,1.8,1.2,2.3,16.5,5.7,26.5,No
MVP,Relativity,Distance Driver,14.5,5.5,-3,1.5,-1.5,21.1,1.9,1.2,2.5,16,5.7,27.25,No
Prodigy Disc,Reverb,Distance Driver,13,5,0,3.5,3.5,21.1,1.6,1.2,2.3,16.5,5.7,26.75,No
Latitute 64,Rive,Distance Driver,13,5,0,3.5,3.5,21.1,1.8,1.2,2.3,16.5,5.7,30,No
DGA,Rogue,Distance Driver,11,4,-1,1,0,21.1,1.7,1.2,2.2,16.8,5.7,28.25,No
Infinite Discs,Roman,Distance Driver,10,4,0,3,3,21.2,1.5,1.2,1.9,17.3,5.7,27.25,No
Yikun Discs,Rong,Distance Driver,10,5,-3,1,-2,21.2,1.5,1.1,2.3,16.5,5.2,27.75,No
DGA,Sail,Distance Driver,11,5,-5,1,-4,21,1.9,1.1,1.9,17.2,5.2,29.75,No
Glash Discs,Salt,Distance Driver,12,5,-1,2,1,21,1.7,1.1,2.3,16.4,5.2,27,No
Westside Discs,Sampo,Distance Driver,10,4,-1,2,1,21.2,1.9,1.2,2.1,17,5.7,34.75,No
Gateway Discs,Samurai,Distance Driver,13,5,-2,1,-1,21.1,1.8,1.2,2.3,16.5,5.7,29.25,No
Latitute 64,Sapphire,Distance Driver,10,6,-2,1.5,-0.5,21,1.7,1.2,2,17,5.7,29.5,No
Daredevil Discgolf,Sasquatch,Distance Driver,13,5,-5,1,-4,21,1.7,1.1,2.5,16,5.2,26.5,No
Discraft,Scorch,Distance Driver,11,6,-2,2,0,21.1,1.8,1.1,2.2,16.8,5.2,28.75,Yes
Millenium Discs,Scorpius,Distance Driver,12,5,-1,3,2,21.1,1.7,1.2,2.4,16.3,5.7,26.25,No
Latitute 64,Scythe,Distance Driver,12,3,0,4,4,21.1,1.5,1.1,2.2,16.6,5.2,29,No
Lone Star Disc,Seguin,Distance Driver,13,5,0,3,3,21.1,1.6,1.1,2.3,16.6,5.2,28,No
Dynamic Discs,Sergeant,Distance Driver,11,4,0,2.5,2.5,21.2,1.5,1.2,2.1,17,5.7,28.5,No
Dynamic Discs,Sheriff,Distance Driver,13,5,-1,2,1,21.1,1.6,1.1,2.4,16.3,5.2,30.25,No
Innova,Shryke,Distance Driver,13,6,-2,2,0,21.1,1.7,1.2,2.3,16.4,5.7,26,No
Infinite Discs,Slab,Distance Driver,12,3,0,4,4,21.2,1.6,1.2,2.3,16.6,5.7,29,No
Prodiscus,Slaidi,Distance Driver,12,5,0,3,3,21.1,2,1.2,2.2,16.8,5.7,30.5,No
Gateway Discs,Slayer,Distance Driver,13,5,-1,2,1,21.1,1.5,1.2,2.3,16.4,5.7,30,No
Westside Discs,Sorcerer,Distance Driver,13,5,-0.5,3,2.5,21.2,1.6,1.1,2.3,16.7,5.2,32.25,No
Glash Discs,Spice,Distance Driver,10,4,0,4,4,21.1,2,1.2,2,17.2,5.7,31.5,No
Gateway Discs,Spirit,Distance Driver,12,4,0,4,4,21.2,1.8,1.1,2.1,17,5.2,26,No
Latitute 64,SPZ3,Distance Driver,9,6,-2,2,0,21.1,1.8,1.2,1.9,17.3,5.7,31.25,No
Innova,Starfire,Distance Driver,10,4,0,3,3,21.2,1.4,1.1,2,17.2,5.2,29,No
Latitute 64,Stiletto,Distance Driver,13,3,0.5,5,5.5,21.3,1.7,1.1,2.4,16.4,5.2,26.75,No
Dynamic Discs,Supreme Trespass,Distance Driver,12,5,-0.5,3,2.5,21.1,1.7,1.1,2.2,16.6,5.2,30,No
Discraft,Surge,Distance Driver,11,5,-1,3,2,21.1,1.6,1.2,2,17.1,5.7,30.25,No
Discraft,Surge SS,Distance Driver,11,5,-2,2,0,21.1,1.6,1.2,2.1,16.8,5.7,29.25,No
Westside Discs,Sword,Distance Driver,12,5,-0.5,2,1.5,21.2,1.8,1.2,2.2,16.8,5.7,28.75,No
Thought Space Athletics,Synapse,Distance Driver,12,5,-1.5,3,1.5,21.2,1.6,1.2,2.3,16.6,5.7,26.25,No
Axiom Discs,Tantrum,Distance Driver,14.5,5,-1.5,3,1.5,21.1,1.9,1.2,2.5,16,5.7,26.75,No
rpm Discs,Tara Iti,Distance Driver,10,5,0,2,2,21.2,1.5,1.2,2.1,17,5.7,30,No
Discmania,TD,Distance Driver,10,5,-2,1,-1,21.2,1.6,1.1,1.9,17.3,5.2,27.5,No
Discmania,TD2,Distance Driver,10,5,-4,1,-3,21.1,1.6,1.1,2.1,16.9,5.2,30.25,No
Innova,TeeDevil,Distance Driver,12,5,-1,2,1,21.2,1.6,1.2,2.4,16.4,5.7,28.5,No
Innova,TeeRex,Distance Driver,11,4,0,4,4,21.1,1.7,1.2,2.2,16.8,5.7,30,No
MVP,Teleport,Distance Driver,14.5,5,-1.5,2.5,1,21.1,1.9,1.2,2.5,16,5.7,27.75,No
DGA,Tempest,Distance Driver,13,5,-3,2,-1,21.1,1.7,1.1,2.3,16.5,5.2,26.25,No
Axiom Discs,Tenacity,Distance Driver,13,5,-2.5,2,-0.5,21.1,1.9,1.2,2.4,16.3,5.7,26.75,No
Innova,Tern,Distance Driver,12,6,-3,2,-1,21.1,1.7,1.1,2.3,16.6,5.2,28.5,No
MVP,Tesla,Distance Driver,9,5,-1,2,1,21,1.4,1.2,2,17,5.7,26.5,No
Discraft,Thrasher,Distance Driver,12,5,-3,2,-1,21.1,1.7,1.1,2.1,16.8,5.2,26.75,No
Viking Discs,Thunder God Thor,Distance Driver,14,5,0,2,2,21,1.7,1.2,2.5,16,5.7,28,No
Prodiscus,Titan,Distance Driver,10,4,0,3,3,21.2,1.6,1.2,1.9,17.3,5.7,32.75,No
Lone Star Disc,Tombstone,Distance Driver,13,4,0,4,4,21.1,1.3,1.1,2.3,16.5,5.2,28.75,No
DGA,Torrent,Distance Driver,14,5,-1,2,1,21,1.5,1.2,2.4,16.1,5.7,27.25,No
Streamline Discs,Trace,Distance Driver,11,5,-1,2,1,21.2,1.7,1.2,2.2,16.8,5.7,31.25,No
Dynamic Discs,Trespass,Distance Driver,12,5,-0.5,3,2.5,21.1,1.9,1.1,2.1,16.7,5.2,26.25,No
DGA,Tsunami,Distance Driver,9,3,0,4,4,21.4,1.9,1.2,1.9,17.5,5.6,28.5,No
Lone Star Disc,Tumbleweed,Distance Driver,10,6,-4,1,-3,21.3,1.7,1.1,2.2,16.8,5.2,28.5,No
Yikun Discs,Twin Swords,Distance Driver,12,5,0,2,2,21.2,1.9,1.2,2.4,16.4,5.7,26.5,No
DGA,Undertow,Distance Driver,10,4,-1,1,0,21.5,1.6,1.2,2.1,17.3,5.6,28.25,No
Viking Discs,Valhalla,Distance Driver,12,5,0,2,2,21.3,2,1.2,2.2,16.8,5.6,28,No
Axiom Discs,Vanish,Distance Driver,11,5,-3,2,-1,21.1,1.5,1.1,2.2,16.6,5.2,27.75,No
Discraft,Venom,Distance Driver,13,5,0,3,3,21,2,1.2,2.2,16.6,5.7,29,No
Hooligan Discs,Vibe,Distance Driver,11,5,-2,2,0,21.1,1.9,1.1,2.2,16.8,5.2,28.5,No
Dynamic Discs,Villain,Distance Driver,12,4,0,4,4,21.1,1.7,1.2,2.1,16.8,5.7,28,No
Axiom Discs,Virus,Distance Driver,9,5,-3.5,1,-2.5,21.2,1.4,1.1,2,17,5.2,29.5,No
Innova,Vulcan,Distance Driver,13,5,-4,2,-2,21.2,1.4,1.1,2.4,16.4,5.2,27.25,No
Innova,Wahoo,Distance Driver,12,6,-2,2,0,21,2,1.2,2.4,16.1,5.7,33.25,No
Westside Discs,War Horse,Distance Driver,13,4,0,4,4,21.1,1.6,1.2,2.2,16.6,5.7,28,No
Lone Star Disc,Warbird,Distance Driver,12,6,-1,3,2,21.1,1.9,1.2,2.3,16.5,5.7,26,No
MVP,Wave,Distance Driver,11,5,-2,2,0,21.1,1.4,1.1,2.2,16.6,5.2,29.25,No
Yikun Discs,Wei,Distance Driver,10,5,-2.5,1.5,-1,21.1,1.7,1.1,2,17.1,5.2,30.25,No
Glash Discs,Wild Honey,Distance Driver,12,5,-2,2,0,21,1.8,1.1,2.3,16.4,5.2,27.5,No
Westside Discs,World,Distance Driver,14,4,-0.5,3,2.5,21.2,1.6,1.2,2.4,16.3,5.7,28,No
Innova,Wraith,Distance Driver,11,5,-1,3,2,21.1,1.4,1.2,2.1,16.9,5.7,26.75,No
Prodigy Disc,X1,Distance Driver,13,3,0,5,5,21,1.5,1.2,2.3,16.3,5.7,27.5,No
Prodigy Disc,X2,Distance Driver,13,4,0,4,4,21.1,1.8,1.1,2.2,16.6,5.2,26,No
Prodigy Disc,X3,Distance Driver,12,5,-1,2,1,21.1,1.7,1.1,2.2,16.6,5.2,30.5,No
Prodigy Disc,X4,Distance Driver,13,5,-2.5,2,-0.5,21.2,1.7,1.1,2.3,16.6,5.2,27,No
Prodigy Disc,X5,Distance Driver,13,5,-4,1,-3,21.1,1.9,1.1,2.2,16.6,5.2,28.25,No
Innova,Xcaliber,Distance Driver,12,5,0,4,4,21.1,1.6,1.2,2.3,16.4,5.7,29.5,No
Hooligan Discs,Yeet,Distance Driver,12,5,-1,3,2,21.1,1.8,1.2,2.3,16.5,5.7,26.25,No
Daredevil Discgolf,Yeti,Distance Driver,13,6,-3,1,-2,21.1,1.6,1.1,2.5,16.1,5.2,26,No
MVP,Zenith,Distance Driver,11,5,-0.5,2,1.5,21.2,1.7,1.1,2.2,16.8,5.2,27,No
Discraft,Zeus,Distance Driver,12,5,-1,3,2,21.1,1.6,1.2,2.3,16.5,5.7,28.5,No
XOOM,Zion Driver,Distance Driver,10,4,-1,2,1,21.4,1.7,1.1,2.1,17.2,5.1,27,No
Wild Discs,Addax,Mid Range,5,5,0,2,2,21.7,1.7,1.3,1.5,18.7,6,39.25,Yes
Wild Discs,Addax V2,Mid Range,5,5,0,1,1,21.5,1.6,1.3,1.4,18.6,6,45.5,No
DGA,Aftershock,Mid Range,5,4,0,2,2,21.5,2,1.2,1.3,18.9,5.6,38,No
Latitute 64,Anchor,Mid Range,5,4,0,3,3,21.7,1.8,1.5,1.4,18.9,6.9,43.25,Yes
Infinite Discs,Anubis,Mid Range,5,5,0,0,0,21.8,2.1,1.3,1.4,18.7,6,50,No
Discraft,Archer,Mid Range,5,4,-4,1,-3,21.5,1.8,1.1,1.5,18.5,5.1,36,No
Innova,Atlas,Mid Range,5,4,0,1,1,21.8,1.7,1.4,1.4,19.1,6.4,46.25,No
Innova,Avatar,Mid Range,5,4,0,2,2,21.7,1.8,1.4,1.1,19,6.6,52.25,No
Viking Discs,Axe,Mid Range,4,3,0,1,1,21.2,2,1.3,1,19.2,6.1,57,No
Legacy Discs,Badger,Mid Range,5,3,0,3,3,21.4,1.6,1.3,1.5,18.3,6.1,42,No
Westside Discs,Bard,Mid Range,5,4,0,3,3,21.7,1.9,1.3,1.5,18.8,6,42.5,No
Lone Star Disc,BB6,Mid Range,5,5,-2,1,-1,21.3,2.1,1.3,1.2,18.8,6.1,58.5,No
AGL Discs,Beech,Mid Range,5,2,0,3,3,21.9,1.8,1.3,1.6,18.7,5.9,39,Yes
Glash Discs,Berry,Mid Range,5,5,-1,1,0,21.4,1.7,1.4,1.3,18.8,6.5,50.5,No
Gateway Discs,Blaze,Mid Range,6,4,0,3,3,21.1,1.9,1.2,1.7,17.7,5.7,30.25,No
MINT Discs,Bobcat,Mid Range,5,4,0,2.5,2.5,21.4,1.9,1.4,1.4,18.5,6.5,36,No
Dynamic Discs,Bounty,Mid Range,4,5,-1.5,0.5,-1,21.9,1.8,1.2,1.2,19.5,5.9,40.25,Yes
Discraft,Buzzz,Mid Range,5,4,-1,1,0,21.7,1.9,1.3,1.2,19.3,6,44,No
Discraft,Buzzz GT,Mid Range,5,5,0,1,1,21.5,1.7,1.3,1.3,19,6,44,No
Discraft,Buzzz OS,Mid Range,5,4,0,3,3,21.7,1.7,1.2,1.3,19.1,5.5,45.75,No
Discraft,Buzzz SS,Mid Range,5,4,-2,1,-1,21.6,2.1,1.3,1.3,19,6,43.5,No
Innova,Caiman,Mid Range,5.5,2,0,4,4,21.1,1.7,1.4,1.4,18.3,6.6,66.5,No
Daredevil Discgolf,Caribou,Mid Range,4,5,-3,1,-2,21.8,2.1,1.3,1.3,19.3,6,40.75,Yes
Infinite Discs,Chariot,Mid Range,5,5,0,1,1,21.8,1.7,1.4,1.4,19,6.4,51.5,No
Latitute 64,Claymore,Mid Range,5,5,-1,1,0,21.7,1.9,1.2,1.4,18.9,5.5,42.5,No
Innova,Cobra,Mid Range,4,5,-2,2,0,21.7,2,1.1,1.2,19.3,5.1,35.25,No
launch disc golf,Code,Mid Range,5.5,4,-0.5,2,1.5,21.2,1.6,1.2,1.4,18.3,5.7,32.5,No
launch disc golf,Code-X,Mid Range,5.5,5,-1,2,1,21.2,1.6,1.2,1.4,18.3,5.7,36.75,No
Discraft,Comet,Mid Range,4,5,-2,1,-1,21.8,2.1,1.3,1.2,19.4,6,35.25,Yes
Latitute 64,Compass,Mid Range,5,5,0,1,1,21.6,2.3,1.3,1.3,19,6,42.75,No
Innova,Condor,Mid Range,3,4,0,2,2,24.1,2.2,1.6,1.3,21.5,6.6,49.25,No
Latitute 64,Core,Mid Range,6,5,-0.5,1,0.5,21.7,2,1.2,1.4,18.9,5.5,48,No
Innova,Cro,Mid Range,5,3,0,2,2,21.2,2,1.4,1.3,18.5,6.6,48.5,No
Yikun Discs,Crossbow - Nu,Mid Range,4,1.5,0.5,4,4.5,21.3,1.6,1.3,1.6,18.2,6.1,42.75,No
MVP,Deflector,Mid Range,5,3.5,0,4,4,21.5,2,1.3,1.6,18.3,6,40,No
Gateway Discs,Demon,Mid Range,6,4,0,4,4,21.1,1.9,1.2,1.7,17.7,5.7,30.25,No
Discraft,Drone,Mid Range,5,3,1,4,5,21.5,2,1.3,1.5,18.5,6,41.25,No
Streamline Discs,Echo,Mid Range,5,5,-1.5,1,-0.5,21.4,1.6,1.3,1.5,18.5,6.1,42,No
XOOM,Eden,Mid Range,5,4,0,2,2,21.3,2,1.3,1.3,18.7,6.1,47.75,No
Gateway Discs,Element,Mid Range,5,5,-1,1,0,22.1,1.7,1.3,1.3,19.6,5.9,39.5,No
Dynamic Discs,EMac Truth,Mid Range,5,5,0,2,2,21.7,1.8,1.2,1.5,18.7,5.5,42.25,No
Dynamic Discs,Evidence,Mid Range,5,5,-1,0,-1,21.7,1.8,1.2,1.4,18.7,5.5,41.25,No
Hooligan Discs,Flip,Mid Range,5,6,-4,1,-3,21.7,1.9,1.3,1.3,19.1,6,45.25,No
Dynamic Discs,Fugitive,Mid Range,5,5,-0.5,1.5,1,21.8,2.1,1.3,1.4,19.1,6,39,Yes
Latitute 64,Fuse,Mid Range,5,6,-1,0,-1,21.9,2.1,1.3,1.3,19.3,5.9,42.5,No
Westside Discs,Gatekeeper,Mid Range,4,5,0,2,2,21.7,1.8,1.3,1.4,18.9,6,41.25,No
Innova,Gator,Mid Range,5,2,0,4,4,21.2,1.9,1.4,1.3,18.6,6.6,49.5,Yes
Innova,Gator3,Mid Range,5,2,0,3,3,21.2,1.8,1.4,1.5,18.2,6.6,49.5,Yes
Legacy Discs,Gauge,Mid Range,5,5,0,1,1,21.8,2.2,1.4,1.2,19.4,6.4,48.25,No
Legacy Discs,Ghost,Mid Range,4,5,0,3,3,21.7,2,1.3,1.2,19.3,6,42.75,No
Discraft,Glide,Mid Range,6,5,-3,1,-2,21.5,2,1.3,1.5,18.6,6,36.5,No
Kastaplast,Gote,Mid Range,4,5,0,1,1,21.9,2.1,1.3,1.3,19.3,5.9,42.25,No
XOOM,Griffon,Mid Range,5,4,-2.5,0,-2.5,21.6,1.9,1.4,1.3,18.9,6.5,41.25,No
Daredevil Discgolf,Grizzly,Mid Range,4,4,0,2,2,21.9,2,1.3,1.3,19.3,5.9,42.25,No
Lone Star Disc,Harpoon,Mid Range,4,3,0,2,2,21.5,1.7,1.2,1.2,19.1,5.6,54.25,No
Axiom Discs,Hex,Mid Range,5,5,-1,1,0,21.4,1.6,1.3,1.4,18.5,6.1,45,No
Discraft,Impact,Mid Range,6,6,-3,1,-2,21.6,2,1.3,1.3,19,6,33.75,No
Infinite Discs,Inca,Mid Range,5,5,0,3,3,21.7,1.9,1.4,1.3,19,6.5,36.25,No
Kastaplast,Jarn,Mid Range,4.5,3,0,3,3,21.3,1.8,1.4,1.3,18.8,6.6,51.5,No
Innova,Jay,Mid Range,5,4,0,1,1,21.7,1.7,1.2,1.4,18.9,5.5,45.75,No
Dynamic Discs,Justice,Mid Range,5,1,0.5,4,4.5,21.3,1.7,1.3,1.5,18.3,6.1,39.5,No
Yikun Discs,Kang,Mid Range,3,5,-2,0,-2,21.5,1.8,1.4,1,19.6,6.5,59.5,Yes
Kastaplast,Kaxe,Mid Range,6,4,0,3,3,21,1.9,1.3,1.5,18,6.2,34,Yes
Kastaplast,Kaxe Z,Mid Range,6,5,0,2,2,21.1,1.9,1.3,1.5,18,6.2,34,No
rpm Discs,Kea,Mid Range,4,3,0,3,3,21.2,1.9,1.4,1.4,18,6.6,62.75,Yes
Infinite Discs,Kon Tiki,Mid Range,4,5,-3,0,-3,21.2,1.7,1.2,1.1,19,5.7,52.5,Yes
rpm Discs,Kotuku,Mid Range,5,5,0,2,2,21.7,1.7,1.4,1.4,19,6.5,48.75,No
Yikun Discs,Kui,Mid Range,5,5,0,2.5,2.5,21.2,2.1,1.3,1.6,17.9,6.1,35.75,No
Innova,Lion,Mid Range,5,4,0,2,2,21.7,1.7,1.4,1.3,19,6.5,54.75,No
MINT Discs,Lobster,Mid Range,5,5,-3,1,-2,21.5,1.8,1.3,1.4,18.6,6,47.5,No
Viking Discs,Loki,Mid Range,4,2,0,4,4,21.4,1.9,1.3,1.5,18.5,6.1,44.5,No
Lone Star Disc,Lone Wolf,Mid Range,5,5,-3,1,-2,21.6,1.5,1.1,1.4,18.9,5.1,41.75,Yes
Prodigy Disc,M Model OS,Mid Range,6,4,-1,3,2,21.7,1.9,1.4,1.3,19.1,6.5,45.25,No
Prodigy Disc,M Model S,Mid Range,6,4,0,3,3,21.7,2,1.5,1.3,19.1,6.9,47.25,No
Prodigy Disc,M Model US,Mid Range,4,5,-1,1,0,21.8,1.9,1.5,1.3,19.1,6.9,53,No
Prodigy Disc,M1,Mid Range,5,4,0,3,3,21.7,2,1.3,1.4,18.9,6,39.25,No
Prodigy Disc,M2,Mid Range,5,4,0,2,2,21.7,2,1.3,1.4,18.9,6,41,No
Prodigy Disc,M3,Mid Range,5,5,-1,2,1,21.7,1.9,1.3,1.4,18.9,6,43.25,No
Prodigy Disc,M4,Mid Range,5,5,-1,1,0,21.7,2,1.3,1.4,18.9,6,52,No
Prodigy Disc,M5,Mid Range,5,5,-3,1,-2,21.7,2.2,1.3,1.3,19,6,46.5,No
Latitute 64,Mace,Mid Range,5,5,0,2,2,21.8,2.1,1.3,1.3,19.2,6,38.75,No
Discmania,Maestro,Mid Range,4,3,0,2,2,21.3,1.7,1.3,1,19.2,6.1,55.25,No
AGL Discs,Magnolia,Mid Range,5,5,0,2,2,21.8,2,1.2,1.4,19,5.5,45.5,No
Innova,Mako3,Mid Range,5,5,0,0,0,21.7,1.9,1.4,1.4,19,6.5,52.75,No
Discraft,Malta,Mid Range,5,4,1,3,4,21.3,1.7,1.3,1.3,18.6,6.1,45,No
Thought Space Athletics,Mana,Mid Range,5,5,-2,1,-1,21.5,1.8,1.4,1.4,18.6,6.5,53.5,No
Innova,Manta,Mid Range,5,5,-2,1,-1,21.8,1.9,1.2,1.4,19,5.5,37.25,No
MVP,Matrix,Mid Range,5,4,-1,2,1,21.5,1.6,1.4,1.4,18.7,6.5,46.5,No
Discmania,MD,Mid Range,4,5,0,0,0,21.8,2.1,1.4,1.4,19,6.4,48.25,No
Discmania,MD1,Mid Range,5,6,0,0,0,21.7,2.1,1.4,1.3,19.1,6.5,53,No
Discmania,MD2,Mid Range,4,5,0,2,2,21.7,2,1.4,1.4,19,6.5,43.75,No
Discmania,MD3,Mid Range,5,5,0,1,1,21.8,2,1.4,1.4,18.9,6.4,47,No
Discmania,MD4,Mid Range,5,4,0,3,3,21.7,1.6,1.4,1.4,18.9,6.5,51.25,Yes
Discmania,MD5,Mid Range,5,3,0,4,4,21.1,1.9,1.3,1.4,18.3,6.2,62.25,Yes
Discraft,Meteor,Mid Range,5,5,-3,1,-2,21.5,2,1.3,1.3,18.9,6,49.25,No
Discmania,Method,Mid Range,5,5,0,3,3,21.7,1.9,1.4,1.3,19,6.5,44,No
Innova,Mid Disc3,Mid Range,5,5,0,2,2,21.7,1.8,1.3,1.4,18.9,6,43.75,No
Prodiscus,Midari,Mid Range,5,4,-1,2,1,21.6,1.8,1.5,1.4,18.8,6.9,37.5,No
Lone Star Disc,Middy,Mid Range,5,5,0,3,3,21.4,1.6,1.2,1.3,18.8,5.6,42.75,No
Daredevil Discgolf,Moose,Mid Range,4,5,0,2,2,21.8,2.1,1.3,1.3,19.3,6,41,No
HyzerBomb,Mortar,Mid Range,5,2,0,3,3,21.2,1.9,1.4,1.4,18.4,6.6,56.75,No
MINT Discs,Mustang,Mid Range,5,5,0,2,2,21.5,1.6,1.3,1.4,18.6,6,44.5,No
Discmania,Mutant,Mid Range,5,3,0,4,4,21.7,1.8,1.2,1.3,19,5.5,40.75,No
Prodigy Disc,MX-1,Mid Range,5,2,0,4,4,21.3,2,1.3,1.5,18.3,6.1,41.75,No
Prodigy Disc,MX-3,Mid Range,5,4,0,2,2,21.7,1.9,1.3,1.4,18.9,6,32.75,Yes
Gateway Discs,Mystic,Mid Range,5,5,-2,0,-2,22,2,1.1,1.5,19,5,49.75,No
Viking Discs,Nordic Warrior,Mid Range,4,4,0,2,2,21.5,2,1.4,1.4,18.7,6.5,36,No
Discmania,Origin,Mid Range,5,5,-1,1,0,21.4,1.6,1.2,1.3,18.8,5.6,46.5,No
Innova,Panther,Mid Range,5,4,-2,1,-1,21.2,1.9,1.2,1.3,18.6,5.7,34,No
Axiom Discs,Paradox,Mid Range,5,4,-4,0,-4,21.5,1.8,1.3,1.3,18.9,6,50.25,No
Thought Space Athletics,Pathfinder,Mid Range,5,5,0,1,1,21.5,1.7,1.3,1.4,18.6,6,43,No
Glash Discs,Peach,Mid Range,4,5,-2,1,-1,21.4,1.9,1.3,1.4,18.6,6.1,45,No
Latitute 64,Pearl,Mid Range,4,6,-4,0,-4,21.6,1.8,1.2,1.2,19.2,5.6,49.25,No
Westside Discs,Pine,Mid Range,5,4,0,2,2,21.7,1.9,1.3,1.5,18.7,6,39.75,No
rpm Discs,Piwakawaka,Mid Range,5,6,-1,0,-1,21.8,2,1.2,1.3,19.2,5.5,38.25,No
Daredevil Discgolf,Pteranodon,Mid Range,4,6,-2,1,-1,21.6,2.3,1.2,1.4,18.8,5.6,44.5,Yes
Legacy Discs,Pursuit,Mid Range,5,3,0,3,3,21.3,1.6,1.3,1.5,18.3,6.1,44,No
Axiom Discs,Pyro,Mid Range,5,4,0,2.5,2.5,21.5,1.6,1.3,1.6,18.4,6,42.25,No
DGA,Quake,Mid Range,5,3,0,3,3,21.6,1.7,1.2,1.5,18.6,5.6,40,No
Infinite Discs,Ra,Mid Range,5,4,0,2.5,2.5,21.7,1.8,1.4,1.4,18.8,6.5,50.25,Yes
Innova,Rancho Roc,Mid Range,4,4,0,3,3,21.7,2,1.3,1.2,19.3,6,43,Yes
MVP,Reactor,Mid Range,5,5,-0.5,1.5,1,21.4,1.7,1.3,1.4,18.5,6.1,44.5,No
Legacy Discs,Recluse,Mid Range,5,3,0,4,4,21.3,1.6,1.3,1.5,18.3,6.1,44,Yes
DGA,Rift,Mid Range,5,4,-1,1.5,0.5,21.6,1.8,1.3,1.5,18.6,6,47,No
Innova,Roc,Mid Range,4,4,0,3,3,21.7,2,1.3,1.2,19.3,6,43,Yes
Innova,Roc3,Mid Range,5,4,0,3,3,21.8,2,1.3,1.4,19,6,43,Yes
Innova,RocX3,Mid Range,5,4,0,3.5,3.5,21.8,2,1.4,1.4,19,6.4,49.75,Yes
Innova,Rollo,Mid Range,5,6,-5,1,-4,21.8,1.6,1.1,1.5,18.8,5,32.75,Yes
Streamline Discs,Runway,Mid Range,5,4,0,3.5,3.5,21.5,1.7,1.4,1.4,18.6,6.5,47.25,Yes
Millenium Discs,Sentinel MF,Mid Range,5,4,0,4,4,21.7,2.1,1.2,1.3,19.1,5.5,27.5,Yes
Innova,Shark,Mid Range,4,4,0,2,2,21.7,2.1,1.3,1.2,19.3,6,39.5,No
Innova,Shark3,Mid Range,5,4,0,2,2,21.8,2,1.3,1.4,19,6,39.5,No
Yikun Discs,Shu,Mid Range,4,5,-2,1,-1,21.8,1.8,1.1,1.3,19.1,5,36.75,No
Innova,Skeeter,Mid Range,5,5,-1,1,0,21.2,1.9,1.3,1.3,18.7,6.1,43.25,No
Discraft,Sol,Mid Range,4,5,-3,0,-3,21.1,1.7,1.3,1.1,18.9,6.2,51.25,No
Millenium Discs,Solstice,Mid Range,5,4,0,3,3,21.8,1.7,1.3,1.4,18.9,6,55.75,No
AGL Discs,Spruce,Mid Range,5,4,-1,2,1,22,1.7,1.2,1.5,19.1,5.5,52.75,No
DGA,Squall,Mid Range,6,4,-1,1,0,21.5,1.8,1.3,1.3,18.6,6,34.5,No
Prodiscus,STARi,Mid Range,5,4,-2,1,-1,21.6,1.9,1.4,1.3,18.9,6.5,45,No
Kastaplast,Stig,Mid Range,6,5,-2,1,-1,21.1,1.9,1.2,1.6,18,5.7,39,No
Discraft,Stratus,Mid Range,5,4,-4,1,-3,21.4,1.8,1.2,1.2,19,5.6,36.25,No
Prodigy Disc,Stryder,Mid Range,6,4,0,3,3,21.8,2,1.5,1.3,19.2,6.9,48.75,No
Innova,Super Stingray,Mid Range,4,5,-1,1,0,21.7,1.8,1.1,1.2,19.3,5.1,38.25,No
FINISH LINE,Supra,Mid Range,5,5,0,1,1,21.6,1.7,1.2,1.4,18.9,5.6,45,No
Dynamic Discs,Supreme Fugitive,Mid Range,5,3,0,4,4,21.7,1.9,1.3,1.5,18.7,6,39,Yes
Dynamic Discs,Suspect,Mid Range,4,3,0,3,3,21.3,1.6,1.2,1.2,18.9,5.6,47.5,No
Kastaplast,Svea,Mid Range,5,6,-1,0,-1,21.9,2.1,1.3,1.3,19.3,5.9,41.5,No
Discmania,Tailor,Mid Range,4,4,0,1,1,21.7,1.8,1.3,1.3,19.1,6,45.25,No
MVP,Tangent,Mid Range,4,4,-0.5,0.5,0,21.5,2.1,1.3,1.2,19.1,6,54.5,No
rpm Discs,TeMoko,Mid Range,3,4,0,0,0,23.7,2.9,2.3,0.7,22.3,9.7,74.5,No
MVP,Tensor,Mid Range,4,4,0,2.5,2.5,21.5,2,1.3,1.2,19.1,6,46.75,No
Lone Star Disc,Texas Ranger,Mid Range,5,5,-1,1,0,21.4,1.8,1.2,1.4,18.6,5.6,37.5,No
Yikun Discs,Tomahawk,Mid Range,5,6,0,0,0,21.6,1.9,1.3,1.3,19,6,34.75,No
DGA,Tremor,Mid Range,6,5,-4,1,-3,21.6,1.7,1.1,1.4,18.8,5.1,39.25,No
Prodiscus,Troija,Mid Range,5,2,0,5,5,21.7,2.1,1.4,1.5,18.7,6.5,40,No
Latitute 64,Trust,Mid Range,5,5,0,2,2,21.7,1.9,1.3,1.3,19.1,6,43.75,No
Dynamic Discs,Truth,Mid Range,5,5,-1,1,0,21.7,1.7,1.2,1.5,18.7,5.5,41.5,No
Westside Discs,Tursas,Mid Range,5,5,-2,1,-1,21.7,1.7,1.3,1.4,18.9,6,42.5,No
MVP,Uplink,Mid Range,5,5,-3,0.5,-2.5,21.5,1.8,1.4,1.3,18.8,6.5,45,No
Legacy Discs,Valor,Mid Range,5,5,0,2,2,21.7,2.1,1.3,1.2,19.3,6,49,Yes
Innova,Vcobra,Mid Range,5,5,-1,2,1,21.7,2,1.1,1.2,19.3,5.1,35.25,No
Dynamic Discs,Verdict,Mid Range,5,4,0,3.5,3.5,21.7,1.7,1.2,1.5,18.7,5.5,43.25,No
Lone Star Disc,Walker,Mid Range,5,3,0,4,4,21.4,1.7,1.2,1.4,18.6,5.6,34.5,Yes
Daredevil Discgolf,Walrus,Mid Range,4,5,0,3,3,21.8,1.9,1.2,1.3,19.3,5.5,48.75,No
Dynamic Discs,Warrant,Mid Range,5,5,-2,0,-2,21.7,1.8,1.3,1.4,18.8,6,46.5,No
Gateway Discs,Warrior,Mid Range,5,4,0,3,3,22,1.9,1.2,1.4,19.3,5.5,42.5,Yes
Westside Discs,Warship,Mid Range,5,6,0,1,1,21.7,2.1,1.3,1.4,18.9,6,31,No
Discraft,Wasp,Mid Range,5,3,0,2,2,21.6,1.8,1.3,1.2,19.2,6,37,Yes
Yikun Discs,Wings,Mid Range,3,3,0,2,2,21.2,1.8,1.2,1,19.2,5.7,56.75,Yes
Innova,Wolf,Mid Range,4,3,-4,1,-3,21.8,1.6,1.1,1.2,19.4,5,30.25,No
Innova,Wombat,Mid Range,5,6,-1,0,-1,21.8,2.2,1.4,1.4,18.9,6.4,36.25,Yes
Innova,Wombat3,Mid Range,5,6,-1,0,-1,21.7,1.8,1.2,1.4,18.9,5.5,30,Yes
Yikun Discs,Yao,Mid Range,4,4,0,2,2,21.6,1.9,1.4,1.4,18.8,6.5,39.75,No
Yikun Discs,Zheng,Mid Range,5,5,0,2,2,21.8,1.7,1.3,1.3,19.1,6,40.5,No
Prodigy Disc,A1,Putt & Approach,3,3,0,3,3,21,2,1.3,1.4,18.2,6.2,41.75,Yes
Prodigy Disc,A2,Putt & Approach,4,4,0,3,3,21,2,1.3,1.4,18.2,6.2,41.75,No
Prodigy Disc,A3,Putt & Approach,4,4,0,3,3,21,2,1.3,1.4,18.2,6.2,50.25,Yes
Prodigy Disc,A4,Putt & Approach,4,4,-1,2,1,21,2,1.3,1.4,18.2,6.2,61.75,Yes
Prodigy Disc,A5,Putt & Approach,3,4,-1,1,0,21.3,1.9,1.4,1.2,19,6.6,54.75,No
Innova,Aero,Putt & Approach,3,6,0,0,0,21.7,2.5,1.3,1,19.6,6,43.75,No
Dynamic Discs,Agent,Putt & Approach,2,3,0,1,1,21.2,2.1,1.4,1.1,19,6.6,60.75,No
Infinite Discs,Alpaca,Putt & Approach,3,3,0,1,1,21.1,2,1.5,1,19,7.1,63.75,No
Thought Space Athletics,Alter,Putt & Approach,3,3,0,1,1,21.2,2,1.5,1.1,19,7.1,61.5,Yes
Innova,Animal,Putt & Approach,2,1,0,1,1,21.2,2.1,1.3,1,19.2,6.1,64,No
MVP,Anode,Putt & Approach,2.5,3,0,0.5,0.5,21,2.1,1.4,1.1,18.9,6.7,54,No
Lone Star Disc,Armadilo,Putt & Approach,1,2,0,1,1,21.3,1.9,1.4,0.8,19.6,6.6,90.75,No
MVP,Atom,Putt & Approach,3,3,0,1,1,21.1,1.9,1.4,1.1,18.8,6.6,60.75,No
Innova,Aviar,Putt & Approach,2,3,0,1,1,21.2,2,1.5,0.9,19.4,7.1,55.75,No
Innova,Aviar Driver,Putt & Approach,2,3,0,2,2,21.2,2,1.5,0.9,19.4,7.1,55.75,Yes
Innova,Aviar3,Putt & Approach,3,2,0,2,2,21.2,1.9,1.5,1,19.2,7.1,55.75,No
Innova,AviarX3,Putt & Approach,3,2,0,3,3,21.3,1.8,1.6,1,19.3,7.5,55.75,No
Discraft,Banger GT,Putt & Approach,2,3,0,1,1,21.2,2,1.6,1,19.2,7.5,65.75,Yes
AGL Discs,Baobab,Putt & Approach,4,0,1,3,4,21.3,1.7,1.3,1.1,19.1,6.1,86.5,No
Daredevil Discgolf,Beaver,Putt & Approach,2,3,-1,1,0,21.2,2.2,1.6,0.9,19.3,7.5,50.5,Yes
Latitute 64,Beetle,Putt & Approach,1,7,-1,0,-1,21.9,2.2,1.6,0.8,20.3,7.3,89.25,No
XCOM,Bennu,Putt & Approach,3,5,-1,0,-1,21,2.2,1.5,1.1,18.9,7.1,60.5,No
Lone Star Disc,Benny,Putt & Approach,3,4,0,2,2,21.1,1.9,1.5,1.1,18.9,7.1,58.5,Yes
Kastaplast,Berg,Putt & Approach,1,1,0,2,2,21.1,2,1.4,0.9,19.3,6.6,87,No
Kastaplast,Berg X,Putt & Approach,1,1,0,3,3,21.1,1.9,1.4,0.9,19.4,6.6,87.25,No
Daredevil Discgolf,Bighorn,Putt & Approach,2,3,0,1,1,21.2,2.2,1.6,1.5,19.2,7.5,67.75,Yes
Innova,Birdie,Putt & Approach,1,2,0,0,0,21.2,2.4,1.9,0.7,19.8,9,98.25,No
DGA,Blowfly I,Putt & Approach,2,2,0,2,2,21.5,2.7,1.1,1.5,18.5,5.1,52.5,No
DGA,Blowfly II,Putt & Approach,3,2,0,2,2,21.7,2.3,1.7,1.4,18.9,7.8,46.6,No
Lone Star Disc,Bluebonnet,Putt & Approach,2,3,0,1,1,21.1,2.1,1.3,1.1,18.9,6.2,65.5,No
DGA,Breaker,Putt & Approach,3,3,0,3,3,21,1.7,1.2,1,19,5.7,62,No
Lone Star Disc,Bull Snake,Putt & Approach,3,2,0,4,4,21.1,2,1.3,1.3,18.5,6.2,61.25,Yes
MINT Discs,Bullet,Putt & Approach,2,4,0,1,1,21.2,1.8,1.5,1.1,18.9,7.1,58.75,No
Innova,Bullfrog,Putt & Approach,3,1,0,1,1,21.1,1.8,1.3,1,19,6.2,67.75,No
Glash Discs,Butter,Putt & Approach,2,3,0,1,1,21.5,2.1,1.5,1.2,19.1,7,67.25,No
Latitute 64,Caltrop,Putt & Approach,2,2,0,2,2,21,1.9,1.5,1,19.1,7.1,64,No
Discraft,Challenger,Putt & Approach,2,3,0,2,2,21,2.2,1.6,1,19,7.6,61.5,Yes
Discraft,Challenger SS,Putt & Approach,2,3,-1,2,1,21.1,2,1.4,1,19.1,6.6,61,No
Gateway Discs,Chief,Putt & Approach,3,3,0,1,1,21.1,1.7,1.3,1,19.2,6.2,60.5,Yes
Gateway Discs,Chief OS,Putt & Approach,3,3,0,2,2,21.2,2.1,1.3,1,19.2,6.1,55.75,Yes
Innova,Classic Aviar,Putt & Approach,2,3,0,0,0,21.2,2,1.5,0.9,19.4,7.1,55.75,No
Innova,Classic Roc,Putt & Approach,3,3,0,2,2,21.2,2,1.2,0.9,19.4,5.7,42.75,Yes
Yikun Discs,Claws,Putt & Approach,1,3,0,0.5,0.5,21.2,2,1.7,0.9,19.4,8,85,No
Legacy Discs,Clozer,Putt & Approach,2,3,0,2,2,21.2,2.1,1.4,0.9,19.4,6.6,58.25,Yes
Legacy Discs,Clutch,Putt & Approach,2,3,0,1,1,21.2,2,1.4,0.9,19.4,6.6,49.5,No
Innova,Colt,Putt & Approach,3,4,-1,1,0,21.2,1.8,1.3,1.1,19,6.1,59.75,Yes
Lone Star Disc,Copperhead,Putt & Approach,3,4,0,2,2,21.6,1.8,1.3,1,19.6,6,55.5,Yes
Westside Discs,Crown,Putt & Approach,3,4,0,1,1,21.2,2,1.4,1,19.2,6.6,54,Yes
Latitute 64,Dagger,Putt & Approach,2,5,0,1,1,21.1,2.1,1.5,1,19.1,7.1,75.25,Yes
Innova,Dart,Putt & Approach,3,4,0,0,0,21.2,2.2,1.4,1.2,18.8,6.6,38,No
Dynamic Discs,Deputy,Putt & Approach,3,4,-1.5,0,-1.5,21.2,2,1.5,1.1,19.1,7.1,61,No
Gateway Discs,Devil Hawk,Putt & Approach,3,3,0,4,4,21.2,2.1,1.3,1,19.2,6.1,70.25,Yes
Prodigy Disc,Distortion,Putt & Approach,4,3,0,3,3,21.4,1.9,1.3,1.3,18.9,6.1,48.25,No
AGL Discs,Douglas Fir,Putt & Approach,4,3,-2,1,-1,21.2,1.8,1.3,1,19.2,6.1,65,No
Axiom Discs,Envy,Putt & Approach,3,3,0,2,2,21,1.8,1.4,1.1,18.8,6.7,52,No
Latitute 64,Faith,Putt & Approach,2,3,0,1,1,21.2,2.2,1.5,1.1,19,7.1,59.5,No
Discraft,Fierce,Putt & Approach,3,4,-2,0,-2,21.1,1.9,1.5,1,19,7.1,63.5,No
Innova,Firefly,Putt & Approach,2,3,0,1,1,21.1,2.1,1.5,1,19.1,7.1,71,No
Discraft,Focus,Putt & Approach,2,2,-1,2,1,21.1,2.1,1.6,1,19.1,7.6,60.25,No
Glash Discs,Fudge,Putt & Approach,2,3,0,2,2,21.3,2,1.5,1.1,19.2,7,63,Yes
Latitute 64,Gauntlet,Putt & Approach,2,4,0,1,1,21.2,2.1,1.5,1.1,19,7.1,61.75,Yes
MVP,Glitch,Putt & Approach,1,7,0,0,0,21.2,2,1.6,0.8,19.5,7.5,66.5,No
Daredevil Discgolf,Great Horned Owl,Putt & Approach,2,3,0,1,1,21.2,2.2,1.4,1,19.2,6.6,62.25,Yes
Dynamic Discs,Guard,Putt & Approach,2,5,0,0.5,0.5,21,2.1,1.6,0.9,19.1,7.6,90,No
Yikun Discs,Gui,Putt & Approach,2,3,0,2,2,21.1,1.8,1.5,1,19.1,7.1,59,No
Yikun Discs,Hammer Chui,Putt & Approach,2,2.5,0,3,3,21.1,1.7,1.4,1.3,18.5,6.6,56.25,No
Westside Discs,Harp,Putt & Approach,4,3,0,3,3,21.2,1.6,1.4,1.1,19,6.6,65,Yes
Daredevil Discgolf,Hellbender,Putt & Approach,4,4,0,2,2,21.2,1.7,1.3,1.1,19,6.1,60.5,No
Daredevil Discgolf,Hellbender Razorback,Putt & Approach,4,4,0,3,3,21.1,1.9,1.3,1.1,18.9,6.2,60.5,No
Latitute 64,Hope,Putt & Approach,2,3,0,1,1,21.2,2,1.5,1.1,19,7.1,62.75,No
Wild Discs,Hummingbird,Putt & Approach,2,4,0,1,1,21.2,2,1.5,0.9,19.3,7.1,52.5,No
Legacy Discs,Hunter,Putt & Approach,2,4,0,0,0,21.2,2,1.4,0.9,19.4,6.6,54.75,No
Trash Panda,Inner Core,Putt & Approach,2,4,-0.5,0,-0.5,21.3,1.9,1.5,1,19.4,7,56.5,No
Innova,Invader,Putt & Approach,3,2,0,1,1,21.2,1.9,1.5,1,19.1,7.1,67.75,Yes
MVP,Ion,Putt & Approach,2.5,3,0,1.5,1.5,21,1.9,1.6,1.1,18.8,7.6,62.5,Yes
Lone Star Disc,Jack Rabbit,Putt & Approach,3,3,0,3,3,21.1,2,1.5,1.2,18.7,7.1,57.25,No
Innova,JK Aviar,Putt & Approach,2,3,0,2,2,21.2,2,1.5,0.9,19.4,7.1,55.75,Yes
Prodiscus,Jokeri,Putt & Approach,3,3,1,2,3,21.3,1.8,1.5,1.1,19,7,54,No
Dynamic Discs,Judge,Putt & Approach,2,4,0,1,1,21.2,2,1.5,1.1,18.9,7.1,58.25,Yes
Innova,KC Aviar,Putt & Approach,2,3,0,2,2,21.2,2,1.5,0.9,19.4,7.1,55.75,Yes
Latitute 64,Keystone,Putt & Approach,2,5,-1,1,0,21.1,1.9,1.5,1,19,7.1,75,No
Viking Discs,Knife,Putt & Approach,2,3,0,2,2,21.1,1.9,1.3,1,19.1,8.5,58.75,No
launch disc golf,Lander,Putt & Approach,3,4,-0.5,2,1.5,21,1.8,1.4,1.2,18.6,6.7,49.25,Yes
Yikun Discs,Ling,Putt & Approach,2,3,-3,1,-2,21.2,1.8,1.3,1,19.2,6.1,74.5,No
Discmania,Link,Putt & Approach,2,3,0,1,1,21.2,1.9,1.5,1,19.1,7,71,Yes
Discmania,Logic,Putt & Approach,3,3,0,1,1,21.2,1.9,1.3,1.1,19,6.1,55,No
Discraft,Luna,Putt & Approach,3,3,0,3,3,21.1,2,1.4,1.1,18.9,6.6,68.5,No
Latitute 64,Macana,Putt & Approach,2,5,0,1,1,21.1,2.1,1.4,1.1,18.9,6.6,74,Yes
AGL Discs,Madrone,Putt & Approach,3,3,0,1,1,21,2.2,1.7,1,19,8.1,83.5,Yes
Westside Discs,Maiden,Putt & Approach,3,4,0,1,1,21.2,1.8,1.3,1,19.2,6.1,57.75,Yes
AGL Discs,Manzanita,Putt & Approach,3,3,0,2,2,21,2.1,1.6,1.1,18.7,7.6,67,No
Dynamic Discs,Marshal,Putt & Approach,3,4,0,1,1,21.2,2,1.6,1.1,19.1,7.5,67,No
birdie Disc Golf Supply Co.,Marvel,Putt & Approach,2,3,0,1,1,21.1,2,1.4,1.1,18.9,6.6,65.75,No
Latitute 64,Mercy,Putt & Approach,2,4,0,1,1,21.2,2.1,1.5,1.1,19.1,7.1,61.5,No
Yikun Discs,Meteor Hammer,Putt & Approach,2,3,0,0,0,21.2,2,1.5,1,19.2,7.1,52.5,No
Glash Discs,Mint,Putt & Approach,4,3,0,3,3,21.4,1.7,1.4,1.3,18.9,6.5,54,No
Innova,Mirage,Putt & Approach,3,4,-3,0,-3,21.2,1.9,1.2,1.1,19,5.7,50.25,Yes
Thought Space Athletics,Muse,Putt & Approach,3,3,0,2,2,21.2,2,1.6,1.2,18.8,7.5,61.5,No
Infinite Discs,Myth,Putt & Approach,2,3,0,2,2,21.2,2.1,1.5,1.1,19,7.1,68.75,Yes
MVP,Nomad,Putt & Approach,2,4,0,1.5,1.5,21.2,2,1.4,1.1,19,6.6,51,Yes
Innova,Nova,Putt & Approach,2,3,0,0,0,21.3,2.7,1.5,1.1,19.1,7,59,No
Millenium Discs,Omega,Putt & Approach,2,3,0,0,0,21.1,2,1.5,0.9,19.3,7.1,55.75,No
Millenium Discs,Omega 4,Putt & Approach,2,3,0,1,1,21.1,2,1.5,1,19,7.1,58,No
Millenium Discs,Omega AP,Putt & Approach,2,3,0,0,0,21.1,2,1.5,0.9,19.3,7.1,55.75,No
Millenium Discs,Omega AP Big Bead,Putt & Approach,2,3,0,1,1,21.1,2,1.5,0.9,19.3,7.1,55.75,Yes
Millenium Discs,Omega Big Bead,Putt & Approach,2,3,0,1,1,21.2,2.1,1.5,0.9,19.4,7.1,55.75,Yes
Millenium Discs,Omega Driver,Putt & Approach,3,2,0,2,2,21.1,2,1.5,0.9,18.1,7.1,55.75,No
Millenium Discs,Omega SuperSoft,Putt & Approach,2,3,0,0,0,21.1,2,1.5,0.9,19.3,7.1,55.75,No
Prodiscus,Origo,Putt & Approach,3,3,0,1,1,21.2,1.9,1.5,1.1,19.1,7.1,56.75,No
Prodigy Disc,P Model S,Putt & Approach,3,5,0,2,2,21.2,2,1.5,1,19.2,7.1,56.25,Yes
Prodigy Disc,P Model US,Putt & Approach,3,5,-1,1,0,21.3,2,1.5,1.1,19.1,7,63.75,No
Prodigy Disc,P Model US+,Putt & Approach,3,5,-1,1,0,21.3,2,1.4,1.1,19.1,6.6,79.75,No
Discmania,P1,Putt & Approach,2,3,0,0,0,21.2,2,1.5,1.1,19,7.1,62.5,No
Discmania,P1X,Putt & Approach,2,3,0,0,0,21.2,2,1.4,1,19,6.6,68.5,Yes
Discmania,P2,Putt & Approach,2,3,0,1,1,21.2,2.1,1.6,1.1,19,7.5,68.75,No
Discmania,P3,Putt & Approach,3,2,0,3,3,21.2,2,1.2,1,19.2,5.7,59,No
Discmania,P3x,Putt & Approach,3,2,0,3,3,21.2,1.9,1.6,1.1,19,7.5,62,Yes
Prodigy Disc,PA1,Putt & Approach,3,3,0,2,2,21,1.9,1.4,1,19,6.7,57.5,No
Prodigy Disc,PA2,Putt & Approach,3,3,0,1,1,21.1,1.9,1.4,1,19.1,6.6,47.5,No
Prodigy Disc,PA3,Putt & Approach,3,4,0,1,1,21,2,1.4,1,18.9,6.7,66,Yes
Prodigy Disc,PA4,Putt & Approach,3,3,-1,1,0,21,1.9,1.4,1,19,6.7,69.25,No
Prodigy Disc,PA5,Putt & Approach,3,4,-2,0.5,-1.5,21.4,1.9,1.4,0.9,19.5,6.5,58.25,No
Finish Line,Pace,Putt & Approach,2,4,0,1.5,1.5,21.1,2,1.5,1.1,18.9,7.1,60.25,No
Lone Star Disc,Penny Putter,Putt & Approach,3,3,0,2,2,21,1.9,1.5,1.1,18.8,7.1,61.5,No
ev-7,Penrose,Putt & Approach,2,4,0,2,2,21.1,2.1,1.5,1.1,18.9,7.1,60.25,Yes
Glash Discs,Peppermint,Putt & Approach,4,2,0,4,4,21.2,1.7,1.4,1.4,18.5,6.6,44.25,No
ev-7,Phi,Putt & Approach,3,4,0,1,1,21,2,1.5,1.1,18.9,7.1,71.5,No
Innova,Pig,Putt & Approach,3,1,0,3,3,21.2,2.1,1.4,1.4,18.4,6.6,57.5,No
Streamline Discs,Pilot,Putt & Approach,2,5,0,1,1,21.2,1.9,1.5,1,18.2,7.1,64,Yes
Daredevil Discgolf,Polar Bear,Putt & Approach,2,3,0,1,1,21.2,2,1.5,1,19.3,7.1,62.5,Yes
Innova,Polecat,Putt & Approach,1,3,0,0,0,21.3,2.3,1.6,0.7,19.9,7.5,83.25,No
AGL Discs,Ponderosa,Putt & Approach,3,4,-2,0,-2,21.1,2.1,1.5,1,19,7.1,69.75,No
Glash Discs,Popcorn,Putt & Approach,3,3,0,1,1,21.4,1.9,1.6,1.1,19.2,7.5,69.5,No
Thought Space Athletics,Praxis,Putt & Approach,3,3,0,1,1,21.2,1.8,1.4,1.2,18.8,6.6,60,No
MINT Discs,Profit,Putt & Approach,2,3,0,2,2,21.1,1.9,1.6,1.1,18.9,7.6,65.75,Yes
Legacy Discs,Prowler,Putt & Approach,2,2,0,2,2,21.2,2.2,1.4,0.9,19.4,6.6,61.5,Yes
Axiom Discs,Proxy,Putt & Approach,3,3,-1,0.5,-0.5,21,1.8,1.5,1.1,18.8,7.1,63.5,No
Latitute 64,Pure,Putt & Approach,3,3,-1,1,0,21.2,1.8,1.4,1,19.2,6.6,48.25,No
Prodigy Disc,PX3,Putt & Approach,3,4,0,2.5,2.5,21,1.9,1.4,1,19,6.7,52,Yes
Discmania,Rainmaker,Putt & Approach,2,3,0,0.5,0.5,21.2,2,1.5,1.1,19,7.1,66.25,No
Infinite Discs,Raze,Putt & Approach,3,2,0,3,3,21.2,1.9,1.5,1.1,19,7.1,66.25,No
Discmania,Razor Claw Tactic,Putt & Approach,4,2,0,4,4,21.3,2,1.4,1.1,19,6.6,57.75,No
Kastaplast,Reko,Putt & Approach,3,3,0,1,1,21.2,1.8,1.4,1,19.1,6.6,61.25,Yes
Kastaplast,Reko X,Putt & Approach,3,3,0,2,2,21.4,1.9,1.4,1.1,19.2,6.5,49.5,Yes
Innova,Rhyno,Putt & Approach,2,1,0,3,3,21.2,1.9,1.3,1,19.2,6.1,56.75,No
Innova,RhynoX,Putt & Approach,2,1,0,4,4,21.2,2,1.3,1,19.1,6.1,63.5,No
Discraft,Ringer,Putt & Approach,4,4,0,2,2,21,1.8,1.2,0.9,19.2,5.7,67.75,No
Discraft,Ringer GT,Putt & Approach,4,4,0,3,3,21.1,1.7,1.1,1,19,5.2,63.25,Yes
Discraft,Roach,Putt & Approach,2,4,0,1,1,21.1,2,1.5,1.1,18.9,7.1,58.75,No
Latitute 64,Ruby,Putt & Approach,3,5,-3,1,-2,21.5,1.9,1.4,1,19.5,6.5,69,No
Infinite Discs,Ruin,Putt & Approach,3,3,0,3,3,21.8,1.8,1.4,1.3,19.1,6.4,49.25,No
Viking Discs,Rune,Putt & Approach,2,4,0,0,0,21.2,2.1,1.6,1.1,19,7.5,55.5,Yes
rpm Discs,Ruru,Putt & Approach,3,3,0,1,1,21,2.3,1.6,1,18.9,7.6,72.75,Yes
Latitute 64,Savior,Putt & Approach,4,4,0,3,3,21.4,1.7,1.2,1.2,19.1,5.6,46.75,No
Infinite Discs,Scarab,Putt & Approach,2,4,0,1,1,21.2,2.1,1.5,1,19.2,7.1,62.5,Yes
Wild Discs,Sea Otter,Putt & Approach,2,3,0,2,2,21.2,1.8,1.5,1,19.1,7.1,57.75,No
Discmania,Sensei,Putt & Approach,3,3,0,1,1,21.3,2.3,1.4,1,19.2,6.6,71,No
Gateway Discs,Shaman,Putt & Approach,3,3,-1,1,0,21.2,1.8,1.3,1,19.2,6.1,65.75,No
Westside Discs,Shield,Putt & Approach,3,3,0,1,1,21.1,2.5,1.4,1,19,6.6,67,Yes
Discmania,Shogun,Putt & Approach,2,4,0,2,2,21.2,2.4,1.5,1,19.2,7.1,74,Yes
Latitute 64,Sinus,Putt & Approach,2,2,0,2,2,21.2,1.9,1.4,0.9,19.3,6.6,50.75,No
Dynamic Discs,Slammer,Putt & Approach,3,2,0,3,3,21.2,1.8,1.4,1,19.2,6.6,53.5,No
Dynamic Discs,Sockibomb Slammer,Putt & Approach,3,2,0,3,3,21.1,1.9,1.5,1.2,18.8,7.1,59,No
Discraft,Soft Magnet,Putt & Approach,2,3,-1,2,1,21.2,2,1.4,0.8,19.6,6.6,47.75,No
Innova,Sonic,Putt & Approach,1,2,-4,0,-4,21.6,2.3,1.6,0.6,20.4,7.4,82,No
Prodiscus,Sparta,Putt & Approach,2,4,0,1,1,21.3,2,1.6,1,19.2,7.5,59.75,No
MVP,Spin,Putt & Approach,2.5,4,-2,0,-2,21,1.9,1.5,1.1,18.8,7.1,60.75,No
Streamline Discs,Stabilizer,Putt & Approach,3,3.5,0,3,3,21.2,1.8,1.4,1.1,18.8,6.6,56.25,No
DGA,Steady,Putt & Approach,2,3,0,2,2,21.2,2,1.4,1,19.3,6.6,56,Yes
DGA,Steady BL,Putt & Approach,2,3,0,2,2,21.2,2.5,1.5,1.1,19,7.1,64.75,No
Innova,Stud,Putt & Approach,3,3,0,2,2,21.2,1.9,1.3,1.1,18.9,6.1,69.5,Yes
Lone Star Disc,Super Dilo,Putt & Approach,1,4,-3,1,-2,23.6,2,1.2,0.8,22,5.1,88,No
Dynamic Discs,Supreme Judge,Putt & Approach,2,4,0,1,1,21.2,2.2,1.4,1.1,19,6.6,58.25,Yes
Westside Discs,Swan,Putt & Approach,3,3,-1,0,-1,21.1,1.9,1.4,1.1,19,6.6,55.75,No
Westside Discs,Swan 1 Reborn,Putt & Approach,3,3,-2.5,0,-2.5,21.1,1.9,1.3,1.1,18.9,6.2,52.5,No
Discmania,Tactic,Putt & Approach,4,2,0,3,3,21.4,1.8,1.4,1.1,19.1,6.5,53,No
rpm Discs,Takapu,Putt & Approach,2,3,0,2,2,21.2,2.1,1.5,1.1,18.9,7.1,66.75,No
ev-7,Telos,Putt & Approach,2,4,0,1.5,1.5,21,1.9,1.5,1,18.9,7.1,67,No
Thought Space Athletics,Temple,Putt & Approach,4,3,0,3,3,21.3,1.7,1.4,1.2,18.9,6.6,53,No
Axiom Discs,Tempo,Putt & Approach,4,4,0,2.5,2.5,21.2,1.6,1.4,1.2,18.7,6.6,55.5,No
Infinite Discs,Tomb,Putt & Approach,3,4,0,1,1,21.3,1.6,1.3,1.1,19.1,6.1,65.5,Yes
rpm Discs,Tui,Putt & Approach,3,4,-1,0,-1,21.1,1.8,1.4,0.9,19.3,6.6,44.25,No
Gateway Discs,Voodoo,Putt & Approach,2,3,0,0,0,21.2,2.1,1.6,1,19.2,7.5,62,No
Dynamic Discs,Warden,Putt & Approach,2,4,0,0.5,0.5,21.2,2,1.5,1.1,19.1,7.1,66.25,No
MVP,Watt,Putt & Approach,2,5,-0.5,0.5,0,21.2,1.8,1.5,1.1,19,7.1,67.5,No
Innova,Whale,Putt & Approach,2,3,0,1,1,21.1,2,1.5,1,19,7.1,75.25,Yes
Gateway Discs,Wizard,Putt & Approach,2,3,0,2,2,21.2,2.1,1.8,1,19.2,8.5,59.25,Yes
Daredevil Discgolf,Woodchuck,Putt & Approach,2,2,-1,0,-1,21.2,2,1.5,0.9,19.3,7.1,64,Yes
Innova,Xero,Putt & Approach,2,3,0,0,0,21.2,2,1.5,1,19.2,7.1,68.75,Yes
Yikun Discs,Xing,Putt & Approach,2,4,0,1,1,21.3,2.1,1.7,1,19.3,8,71,Yes
Innova,Yeti Aviar,Putt & Approach,2,3,0,1,1,21.2,2,1.5,0.9,19.4,7.1,55.75,Yes
Discraft,Zone OS,Putt & Approach,4,2,1,5,6,21.2,1.8,1.4,1.2,18.9,6.6,64.25,No
